,Type,Dedicated Graphic Memory Capacity,Processor Brand,Processor Name,SSD,RAM,Expandable Memory,Operating System,Touchscreen,Screen Size,Weight,max_res,gpu_brand,company,Storage,battery_back,gpu_processor
0,1,8.0,1,1,1,32,1,1,0,17.3,2.9,1440,1,1,1000,2.0,1
1,1,8.0,1,1,1,32,1,1,0,15.6,2.3,1440,1,1,1000,2.0,1
2,1,4.0,2,2,1,16,0,1,0,16.1,2.48,1080,1,2,512,2.0,2
3,1,4.0,2,2,1,16,0,1,0,15.6,2.25,1080,1,3,512,2.0,2
4,2,0.0,1,3,1,16,0,1,1,14.0,1.4946421471172964,1080,2,3,512,4.5,3
5,2,0.0,1,4,1,16,0,1,0,14.0,1.36,1080,2,3,512,4.5,4
6,2,0.0,1,5,1,4,0,1,0,15.6,1.4946421471172964,1080,2,3,256,4.5,5
7,3,0.0,2,2,1,16,0,1,1,13.3,1.31,1080,2,3,1000,5.0,6
8,1,4.0,1,3,1,8,1,1,0,15.6,2.3,1080,1,1,1000,2.0,7
9,4,0.0,1,6,1,8,1,1,0,15.6,1.61,1080,2,4,256,4.5,8
10,4,0.0,2,7,1,8,1,1,0,15.6,1.68,1080,3,4,256,4.5,9
11,2,0.0,1,3,1,16,1,1,0,13.4,1.16,1080,2,4,512,4.5,10
12,3,0.0,2,2,1,16,0,1,1,14.0,1.43,1080,2,3,512,5.0,11
13,1,4.0,2,8,1,16,0,1,0,15.6,2.0686486486486486,1080,1,1,1024,2.0,12
14,5,0.0,2,9,1,8,0,1,0,15.6,0.9746666666666668,1080,3,1,256,5.0,13
15,6,4.0,2,10,1,32,1,1,1,13.4,1.3,1080,1,1,1000,4.0,7
16,1,8.0,1,4,1,16,1,1,0,15.6,2.9,1080,1,5,1000,2.0,14
17,5,0.0,1,11,1,8,0,1,0,15.6,1.8,1080,2,1,256,5.0,15
18,2,0.0,1,3,1,16,0,1,0,14.0,1.37,1440,2,6,512,4.5,10
19,2,0.0,1,3,1,16,0,1,0,14.0,1.37,1440,2,6,512,4.5,10
20,2,0.0,1,3,1,16,0,1,0,14.0,1.37,1440,2,6,512,4.5,10
21,1,4.0,1,4,1,16,1,1,0,15.6,2.65,1080,1,4,512,2.0,16
22,1,4.0,2,12,1,8,0,1,0,15.6,2.57,1080,1,4,512,2.0,2
23,5,0.0,1,5,1,4,0,1,0,14.1,0.9746666666666668,1080,2,7,128,5.0,8
24,2,0.0,1,3,1,16,0,1,0,14.0,1.5,1440,2,1,512,4.5,4
25,2,0.0,1,4,1,16,0,1,0,14.0,1.5,1440,2,1,512,4.5,10
26,2,0.0,1,3,1,16,0,1,0,14.0,1.39,1440,2,1,512,4.5,10
27,2,0.0,1,4,1,16,0,1,1,14.0,1.4,1440,2,1,1000,4.5,10
28,2,0.0,1,3,1,16,0,1,0,14.0,1.5,1440,2,1,512,4.5,4
29,2,0.0,1,4,1,16,0,1,0,14.0,1.39,1440,2,1,512,4.5,10
30,2,0.0,1,4,1,16,0,1,0,14.0,1.5,1440,2,1,512,4.5,4
31,2,0.0,1,3,1,16,0,1,1,14.0,1.4,1440,2,1,512,4.5,10
32,2,0.0,2,13,1,8,1,1,0,14.0,1.59,1080,3,4,256,4.5,17
33,1,4.0,2,14,1,8,0,1,0,15.6,2.0686486486486486,1080,1,1,512,2.0,18
34,1,6.0,2,10,1,16,0,1,0,16.6,2.0686486486486486,1080,1,1,512,2.0,19
35,2,0.0,1,3,1,8,0,1,0,15.6,1.4946421471172964,1080,2,1,256,4.5,3
36,5,0.0,1,3,1,8,0,1,0,15.6,0.9746666666666668,720,2,1,1256,5.0,20
37,1,4.0,2,15,1,8,0,1,0,17.3,2.0686486486486486,1080,1,1,512,2.0,21
38,2,0.0,1,3,1,16,0,1,0,14.0,1.4,1080,2,1,512,4.5,10
39,2,0.0,1,3,1,8,0,1,0,15.6,1.8,1080,2,1,512,4.5,22
40,1,6.0,1,4,1,16,1,1,0,15.6,2.57,1440,1,4,1000,2.0,23
41,1,4.0,1,3,1,16,1,1,0,15.6,2.57,1080,1,4,512,2.0,2
42,1,6.0,1,4,1,16,1,1,0,15.6,2.57,1080,1,4,512,2.0,23
43,2,0.0,1,11,1,8,0,1,0,15.6,1.8,720,2,1,256,4.5,22
44,1,4.0,1,3,1,16,0,1,0,15.6,2.65,1080,1,4,512,2.0,2
45,1,4.0,1,4,1,16,1,1,0,15.6,2.57,1080,1,4,1000,2.0,16
46,1,4.0,1,4,1,16,1,1,0,15.6,2.57,1080,1,4,512,2.0,16
47,1,4.0,1,3,1,8,0,1,0,15.6,2.65,1080,1,4,512,2.0,2
48,2,0.0,1,3,1,8,0,1,0,15.6,1.65,1080,2,8,512,4.5,10
49,2,0.0,1,11,1,8,0,1,0,15.6,1.8,1080,2,1,1256,4.5,22
50,2,0.0,1,11,0,8,0,1,0,15.6,1.8,1080,2,1,1000,4.5,22
51,5,0.0,1,3,1,16,0,1,0,15.6,0.9746666666666668,1080,2,1,512,5.0,3
52,2,2.0,1,3,1,8,1,1,0,15.6,1.75,1080,1,2,512,4.5,24
53,2,0.0,2,2,1,16,0,1,0,14.0,1.41,1080,3,2,512,4.5,25
54,2,0.0,2,12,1,16,0,1,0,14.0,1.41,1080,3,2,512,4.5,25
55,1,4.0,1,3,1,8,0,1,0,15.6,2.0686486486486486,1080,1,1,1000,2.0,26
56,4,0.0,1,5,1,4,0,1,0,11.6,1.4,720,2,8,256,4.5,27
57,4,0.0,1,5,1,4,0,1,0,11.6,1.4,720,2,8,128,4.5,27
58,1,4.0,1,3,1,8,0,1,0,15.6,2.2,1080,1,8,512,2.0,7
59,2,0.0,1,5,1,4,0,1,0,14.0,1.6,720,2,1,256,4.5,22
60,2,0.0,1,3,1,8,0,1,0,15.6,1.7,1080,2,8,512,4.5,10
61,1,4.0,1,4,1,16,0,1,0,15.6,2.6,1080,1,8,1512,2.0,16
62,1,4.0,2,12,1,8,0,1,0,15.6,1.98,1080,1,2,512,2.0,16
63,5,4.0,1,4,1,16,0,1,0,16.1,2.32,1080,1,2,1000,5.0,16
64,4,0.0,1,11,1,8,1,1,0,15.6,1.9,1080,2,3,512,4.5,28
65,2,0.0,2,13,1,8,0,1,0,15.6,1.4946421471172964,720,3,1,512,4.5,29
66,2,0.0,1,16,1,8,1,1,0,15.6,1.8,720,2,4,256,4.5,22
67,5,0.0,1,3,1,8,0,1,0,15.6,0.9746666666666668,1080,2,1,1256,5.0,5
68,1,4.0,2,15,1,16,0,1,0,15.6,2.0686486486486486,1080,3,1,512,2.0,30
69,2,0.0,2,13,1,16,1,1,0,16.0,1.9,1080,3,4,512,4.5,31
70,1,4.0,1,3,1,16,1,1,0,15.6,2.4,1080,1,4,512,2.0,32
71,1,4.0,1,4,1,16,1,1,0,15.6,2.2,1080,1,1,512,2.0,16
72,1,8.0,1,1,1,32,1,1,0,17.3,2.9,1440,1,1,1000,2.0,1
73,1,8.0,1,1,1,32,1,1,0,15.6,2.3,1440,1,1,1000,2.0,1
74,1,4.0,2,2,1,16,0,1,0,16.1,2.48,1080,1,2,512,2.0,2
75,1,4.0,2,2,1,16,0,1,0,15.6,2.25,1080,1,3,512,2.0,2
76,2,0.0,1,3,1,16,0,1,1,14.0,1.4946421471172964,1080,2,3,512,4.5,3
77,2,0.0,1,4,1,16,0,1,0,14.0,1.36,1080,2,3,512,4.5,4
78,2,0.0,1,5,1,4,0,1,0,15.6,1.4946421471172964,1080,2,3,256,4.5,5
79,3,0.0,2,2,1,16,0,1,1,13.3,1.31,1080,2,3,1000,5.0,6
80,1,4.0,1,3,1,8,1,1,0,15.6,2.3,1080,1,1,1000,2.0,7
81,4,0.0,1,6,1,8,1,1,0,15.6,1.61,1080,2,4,256,4.5,8
82,4,0.0,2,7,1,8,1,1,0,15.6,1.68,1080,3,4,256,4.5,9
83,2,0.0,1,3,1,16,1,1,0,13.4,1.16,1080,2,4,512,4.5,10
84,3,0.0,2,2,1,16,0,1,1,14.0,1.43,1080,2,3,512,5.0,11
85,1,4.0,2,8,1,16,0,1,0,15.6,2.0686486486486486,1080,1,1,1024,2.0,12
86,5,0.0,2,9,1,8,0,1,0,15.6,0.9746666666666668,1080,3,1,256,5.0,13
87,6,4.0,2,10,1,32,1,1,1,13.4,1.3,1080,1,1,1000,4.0,7
88,1,8.0,1,4,1,16,1,1,0,15.6,2.9,1080,1,5,1000,2.0,14
89,5,0.0,1,11,1,8,0,1,0,15.6,1.8,1080,2,1,256,5.0,15
90,2,0.0,1,3,1,16,0,1,0,14.0,1.37,1440,2,6,512,4.5,10
91,2,0.0,1,3,1,16,0,1,0,14.0,1.37,1440,2,6,512,4.5,10
92,2,0.0,1,3,1,16,0,1,0,14.0,1.37,1440,2,6,512,4.5,10
93,1,4.0,1,4,1,16,1,1,0,15.6,2.65,1080,1,4,512,2.0,16
94,1,4.0,2,12,1,8,0,1,0,15.6,2.57,1080,1,4,512,2.0,2
95,5,0.0,1,5,1,4,0,1,0,14.1,0.9746666666666668,1080,2,7,128,5.0,8
96,1,4.0,2,2,1,16,0,1,0,15.6,2.57,1080,1,4,512,2.0,2
97,2,0.0,1,11,1,8,1,1,0,15.6,1.69,1080,2,2,512,4.5,8
98,1,4.0,2,12,1,16,0,1,0,15.6,2.57,1080,1,4,512,2.0,2
99,2,0.0,2,13,1,8,0,1,0,14.0,1.6,1080,3,1,512,4.5,17
100,3,0.0,1,11,1,8,0,1,1,14.0,1.5,1080,2,1,256,5.0,8
101,2,0.0,1,3,0,8,0,1,0,15.6,1.8,1080,2,1,1000,4.5,22
102,5,0.0,1,5,1,4,0,1,0,11.6,1.26,720,2,1,128,5.0,8
103,5,0.0,1,5,1,4,0,1,1,11.6,1.4,720,2,1,128,5.0,8
104,2,0.0,2,2,1,16,0,1,0,15.6,1.8,1080,3,1,512,4.5,9
105,3,0.0,1,3,1,8,0,1,1,14.0,1.5,1080,2,1,512,5.0,4
106,2,0.0,2,2,1,16,0,1,0,15.6,1.8,1080,3,1,512,4.5,9
107,2,0.0,1,17,1,4,0,1,0,15.6,1.8,720,2,1,256,4.5,22
108,3,0.0,1,11,1,8,0,1,1,14.0,1.5,1080,2,1,512,5.0,8
109,2,0.0,1,11,1,8,0,1,0,15.6,1.8,1080,2,1,512,4.5,22
110,2,0.0,2,15,1,16,0,1,0,14.0,1.6,1080,3,1,512,4.5,33
111,2,0.0,1,11,0,8,0,1,0,15.6,1.8,720,2,1,1000,4.5,22
112,2,0.0,1,11,1,8,0,1,0,15.6,1.8,1080,2,1,1256,4.5,22
113,2,0.0,2,12,1,8,0,1,0,15.6,1.75,1080,3,2,512,4.5,9
114,5,6.0,1,1,1,32,0,1,0,15.6,2.14,2160,1,2,1000,5.0,23
115,2,0.0,1,17,0,4,0,2,1,14.0,1.49,720,2,2,64,4.5,8
116,2,0.0,1,5,0,4,0,2,1,14.0,1.49,720,2,2,64,4.5,8
117,2,4.0,1,4,1,16,0,1,1,15.6,2.14,2160,1,2,1000,4.5,34
118,2,0.0,2,12,1,8,1,1,0,14.0,1.41,1080,3,2,512,4.5,9
119,2,0.0,2,12,1,8,1,1,0,15.6,1.75,1080,3,2,512,4.5,9
120,2,0.0,2,12,1,8,1,1,0,15.6,1.75,1080,3,2,512,4.5,9
121,2,0.0,2,12,1,8,1,1,0,14.0,1.41,1080,3,2,512,4.5,9
122,2,4.0,1,4,1,16,0,1,1,15.6,2.14,2160,1,2,1000,4.5,34
123,2,0.0,1,11,1,8,1,1,0,15.6,1.8,1080,2,4,512,4.5,35
124,5,0.0,2,15,1,16,0,1,0,15.6,1.8,1080,3,1,512,5.0,36
125,7,0.0,1,11,1,4,0,3,0,15.6,1.8,1080,2,1,256,6.0,37
126,1,4.0,1,3,1,8,0,1,0,15.6,2.25,1080,1,3,512,2.0,2
127,2,0.0,1,11,1,8,0,1,1,14.0,1.52,1080,2,2,512,4.5,22
128,5,0.0,3,18,0,8,0,1,0,14.0,1.25,1080,4,2,128,5.0,38
129,1,4.0,2,2,1,16,1,1,0,15.6,2.25,1080,1,3,512,2.0,7
130,1,4.0,2,12,1,8,0,1,0,15.6,2.25,1080,1,3,512,2.0,2
131,3,0.0,1,11,1,8,0,1,1,14.0,1.34171875,1080,2,3,512,5.0,22
132,2,0.0,1,5,1,4,0,1,0,11.6,1.4946421471172964,720,2,3,256,4.5,22
133,2,0.0,1,4,1,16,0,1,1,14.0,1.52,1080,2,2,512,4.5,4
134,3,0.0,2,12,1,8,0,1,1,14.0,1.34171875,1080,3,3,512,5.0,25
135,2,0.0,1,11,1,8,0,1,0,14.0,1.4946421471172964,1080,2,3,512,4.5,22
136,2,0.0,1,3,1,16,0,1,1,14.0,1.52,1080,2,2,512,4.5,4
137,3,0.0,1,4,1,16,0,1,1,14.0,1.34171875,1080,2,3,512,5.0,10
138,2,0.0,2,19,1,8,1,1,0,15.6,1.8,1080,3,4,512,4.5,39
139,2,0.0,1,11,1,8,1,1,0,15.6,1.8,1080,2,4,512,4.5,22
140,2,0.0,1,11,1,8,1,1,0,14.0,1.46,1080,2,2,512,4.5,8
141,2,0.0,2,20,1,8,1,1,0,15.6,1.8,1080,3,4,512,4.5,25
142,2,0.0,1,11,1,8,0,1,0,15.6,1.8,1080,2,4,1256,4.5,22
143,5,6.0,1,4,1,16,0,1,0,16.1,2.32,1080,1,2,1000,5.0,23
144,7,0.0,1,11,1,4,0,1,0,14.0,0.8,720,2,1,256,6.0,28
145,1,4.0,2,2,1,16,1,1,0,16.1,2.32,1080,1,2,512,2.0,32
146,1,0.0,2,2,1,16,1,1,0,16.1,2.32,1080,3,2,1000,2.0,40
147,5,0.0,1,11,0,8,0,1,0,15.6,0.9746666666666668,720,2,2,1000,5.0,41
148,5,0.0,2,20,0,8,0,1,0,15.6,0.9746666666666668,720,3,2,1000,5.0,29
149,1,4.0,2,2,1,8,1,1,0,15.6,2.1,1080,1,1,512,2.0,34
150,1,4.0,1,3,1,8,1,1,0,15.6,2.3,1080,1,1,512,2.0,42
151,5,0.0,1,11,1,8,0,1,0,15.6,0.9746666666666668,1080,2,2,512,5.0,41
152,1,4.0,2,2,1,16,1,1,0,14.0,1.6,1440,1,1,1000,2.0,43
153,1,6.0,2,2,1,16,1,1,0,17.3,2.6,1080,1,1,1000,2.0,44
154,2,0.0,1,5,1,8,0,1,0,14.0,1.46,720,2,2,256,4.5,22
155,3,0.0,2,2,1,16,0,1,1,13.3,1.32,1080,3,3,512,5.0,29
156,3,0.0,1,16,0,4,0,1,1,13.3,1.34171875,1080,2,1,256,5.0,5
157,1,4.0,1,4,1,16,0,1,0,17.3,2.0686486486486486,1080,1,1,516,2.0,45
158,5,0.0,1,3,1,8,0,1,0,15.6,0.9746666666666668,720,2,2,512,5.0,41
159,1,8.0,1,4,1,16,0,1,0,15.6,2.38,1440,1,5,1000,2.0,1
160,1,8.0,1,4,1,16,0,1,0,15.6,2.47,1440,1,5,1000,2.0,14
161,2,0.0,3,18,0,4,0,1,0,14.0,1.38,1080,4,9,128,4.5,46
162,1,6.0,1,1,1,16,1,1,0,15.6,2.3,1080,1,8,1000,2.0,23
163,5,0.0,1,3,0,4,0,3,0,14.0,0.9746666666666668,720,2,3,1000,5.0,47
164,1,4.0,1,4,1,16,1,1,0,16.1,2.32,1080,1,2,1000,2.0,48
165,1,4.0,1,4,1,16,1,1,0,16.1,2.32,1080,1,2,1000,2.0,34
166,5,0.0,1,16,0,4,0,1,0,15.6,1.8,720,2,1,1000,5.0,28
167,1,4.0,1,4,1,8,1,1,0,15.6,2.25,1080,1,5,512,2.0,2
168,5,0.0,2,13,1,8,0,1,0,15.6,0.9746666666666668,1080,3,2,512,5.0,25
169,5,0.0,1,11,1,8,0,1,0,14.0,0.9746666666666668,1080,2,2,512,5.0,41
170,2,0.0,1,11,1,8,0,1,0,15.6,1.8,1080,2,1,256,4.5,28
171,2,0.0,1,5,0,4,0,1,0,11.6,1.05,720,2,1,128,4.5,49
172,5,0.0,1,11,1,8,0,1,0,15.6,0.9746666666666668,1080,2,1,256,5.0,5
173,2,0.0,2,12,1,16,0,1,0,15.6,1.8,1080,3,1,512,4.5,9
174,2,0.0,2,12,1,16,0,1,0,15.6,1.8,1080,3,1,512,4.5,25
175,2,0.0,1,5,0,4,0,1,0,11.6,1.05,720,2,1,64,4.5,27
176,2,0.0,1,11,0,8,0,1,0,15.6,1.8,1080,2,1,1000,4.5,22
177,2,0.0,1,5,0,4,0,1,0,11.6,1.05,720,2,1,64,4.5,27
178,2,0.0,1,6,1,8,0,1,0,14.0,1.3,720,2,1,256,4.5,20
179,2,2.0,1,3,1,16,0,1,1,14.0,1.62,1080,1,1,512,4.5,24
180,1,4.0,2,2,1,16,0,1,0,15.6,2.1,1080,1,1,1000,2.0,2
181,1,16.0,1,1,1,32,1,1,0,15.6,2.3,1440,1,1,1000,2.0,50
182,1,4.0,2,2,1,16,0,1,0,15.6,2.1,1080,1,1,512,2.0,2
183,2,0.128,1,4,1,16,0,1,0,14.0,1.48,1080,2,10,512,4.5,51
184,1,4.0,2,2,1,16,1,1,0,15.6,2.1,1080,1,1,512,2.0,34
185,1,4.0,2,2,1,16,1,1,0,15.6,2.1,1080,1,1,1000,2.0,34
186,2,0.128,1,4,1,16,0,1,0,14.0,1.48,1080,2,10,512,4.5,51
187,1,16.0,1,1,1,32,1,1,0,15.6,2.3,1440,1,1,2000,2.0,1
188,2,4.0,2,10,1,16,0,1,0,14.0,1.45,1440,1,1,1000,4.5,2
189,1,4.0,2,10,1,8,0,1,0,14.0,1.45,1440,1,1,1000,2.0,16
190,1,4.0,2,10,1,8,0,1,0,14.0,1.45,1440,1,1,1000,2.0,2
191,5,4.0,2,10,1,16,0,1,0,16.0,1.95,2160,1,1,1000,5.0,2
192,2,0.0,1,3,1,16,0,1,0,13.3,1.14,1080,2,1,512,4.5,4
193,2,0.0,2,10,1,16,0,1,1,14.0,1.4,1440,3,1,1000,4.5,52
194,2,0.0,1,3,1,8,0,1,0,14.0,1.6,1080,2,1,1256,4.5,10
195,2,0.0,1,4,1,16,0,1,0,13.3,1.14,1080,2,1,1000,4.5,4
196,2,0.0,1,11,1,8,1,1,0,15.6,1.8,1080,2,4,512,4.5,8
197,2,0.0,1,3,1,8,0,1,0,13.3,1.14,1080,2,1,512,4.5,4
198,2,0.0,1,11,1,8,0,1,0,14.0,1.6,1080,2,1,256,4.5,8
199,2,0.0,2,20,0,8,1,1,0,15.6,1.8,1080,3,4,1000,4.5,25
200,2,0.0,1,16,1,8,0,1,0,14.0,1.46,720,2,2,256,4.5,22
201,2,0.0,1,3,1,16,0,1,0,13.3,1.14,1080,2,1,512,4.5,4
202,2,0.0,1,4,1,16,0,1,0,13.3,1.14,1080,2,1,512,4.5,4
203,2,0.0,2,2,1,16,0,1,1,14.0,1.4,1440,3,1,1000,4.5,52
204,2,0.0,1,11,1,8,1,1,0,14.0,1.59,1080,2,4,256,4.5,8
205,1,4.0,2,12,1,8,0,1,0,16.1,2.0686486486486486,1080,1,2,512,2.0,53
206,5,0.0,1,16,0,4,0,1,0,15.6,1.9,1080,2,8,1000,5.0,54
207,2,0.0,1,11,1,4,0,1,0,15.6,1.7,1080,2,8,256,4.5,22
208,4,0.0,1,11,1,8,0,1,0,15.6,1.7,1080,2,8,512,4.5,8
209,5,4.0,1,3,1,8,0,1,0,16.1,0.9746666666666668,1080,1,2,512,5.0,55
210,4,0.0,1,3,0,8,0,1,0,15.6,1.7,1080,2,8,1000,4.5,4
211,5,0.0,2,21,1,4,0,1,0,14.0,1.9,720,3,8,256,5.0,25
212,2,0.0,1,3,1,16,0,1,0,15.6,1.66,1080,2,3,512,4.5,4
213,2,0.0,1,11,1,8,1,1,0,15.6,1.7,1080,2,3,512,4.5,8
214,2,0.0,1,3,1,8,1,1,0,15.6,1.7,1080,2,3,512,4.5,8
215,2,0.0,1,3,1,8,0,1,0,14.0,1.4946421471172964,1080,2,3,512,4.5,4
216,2,0.0,1,11,1,8,0,1,0,14.1,1.4,1080,2,1,512,4.5,56
217,5,0.0,1,5,0,4,0,1,0,15.6,1.8,720,2,1,1000,5.0,57
218,2,0.0,2,2,1,16,0,1,0,14.0,1.38,1080,3,3,1000,4.5,58
219,5,0.0,1,3,1,8,0,1,0,14.0,0.9746666666666668,1080,2,3,512,5.0,59
220,1,4.0,1,3,1,8,1,1,0,15.6,2.25,1080,1,5,512,2.0,2
221,2,0.0,2,12,1,8,0,1,0,14.0,1.3,1080,3,5,256,4.5,52
222,2,0.0,1,11,1,8,0,1,0,15.6,1.69,1080,2,2,256,4.5,22
223,1,6.0,2,2,1,16,1,1,0,15.6,2.57,1080,1,4,512,2.0,23
224,1,4.0,1,3,1,16,1,1,0,15.6,2.65,1080,1,4,512,2.0,16
225,1,4.0,1,4,1,16,1,1,0,15.6,2.65,1080,1,4,512,2.0,16
226,1,4.0,1,4,1,16,0,1,0,15.6,2.25,1080,1,5,512,2.0,32
227,1,4.0,1,4,1,16,1,1,0,15.6,2.4,1080,1,4,512,2.0,32
228,2,0.0,2,2,1,8,0,1,0,15.6,1.6,1080,3,5,512,4.5,60
229,2,0.0,1,11,1,8,0,1,0,15.6,1.4946421471172964,1080,2,2,512,4.5,41
230,2,0.0,1,3,1,8,1,1,0,15.6,1.69,1080,2,2,512,4.5,4
231,2,0.0,1,3,1,8,0,1,0,15.6,1.4946421471172964,1080,2,2,512,4.5,61
232,4,0.0,1,3,0,8,1,1,0,15.6,1.65,1080,2,8,1000,4.5,4
233,5,0.0,2,20,1,8,0,1,0,15.6,1.9,1080,3,8,512,5.0,25
234,5,0.0,1,11,1,8,1,1,0,15.6,1.69,1080,2,2,512,5.0,8
235,4,0.0,2,20,1,4,1,1,0,15.6,1.9,1080,2,8,512,4.5,62
236,2,0.0,1,11,1,8,0,1,0,14.0,1.4,1080,2,1,512,4.5,22
237,2,0.0,1,3,1,16,0,1,1,13.3,1.3,1080,2,1,512,4.5,4
238,5,0.0,1,11,0,8,0,1,0,15.6,0.9746666666666668,1080,2,3,1000,5.0,63
239,2,0.0,2,12,1,16,0,1,1,14.0,1.4,1440,3,1,512,4.5,52
240,2,0.0,1,11,1,8,0,1,0,14.0,1.4,1080,2,1,512,4.5,22
241,3,0.0,1,16,0,4,0,1,1,13.3,0.78,1080,2,1,128,5.0,22
242,3,0.0,1,16,1,8,0,1,1,13.3,0.78,1080,2,1,256,5.0,22
243,2,0.0,1,4,1,16,0,1,1,13.3,1.3,1080,2,1,512,4.5,4
244,2,2.0,1,4,1,16,0,1,1,14.0,1.62,1080,1,1,1000,4.5,24
245,2,0.0,1,3,1,8,0,1,1,14.0,1.62,1080,2,1,512,4.5,10
246,2,0.0,1,11,1,8,0,1,0,14.0,1.4,1080,2,1,512,4.5,22
247,2,0.0,1,3,1,16,0,1,1,13.3,1.3,1080,2,1,512,4.5,4
248,2,0.0,1,11,1,8,0,1,0,14.0,1.4,1080,2,1,512,4.5,22
249,2,0.0,1,6,1,4,0,1,0,14.0,1.5,1080,2,1,256,4.5,27
250,2,2.0,1,3,1,16,0,1,1,14.0,1.62,1080,1,1,512,4.5,24
251,2,0.0,1,3,1,8,0,1,1,14.0,1.62,1080,2,1,512,4.5,10
252,2,2.0,1,3,1,16,1,1,0,15.6,1.8,1080,1,4,512,4.5,64
253,5,4.0,1,3,1,16,0,1,0,15.6,0.9746666666666668,1080,1,4,512,5.0,7
254,5,0.0,1,3,1,16,0,1,0,14.0,0.9746666666666668,1080,2,3,512,5.0,41
255,5,0.0,2,12,1,8,0,1,0,15.6,0.9746666666666668,1080,3,2,512,5.0,65
256,2,0.0,2,12,1,8,0,1,0,15.6,1.69,1080,3,2,512,4.5,25
257,2,0.0,1,11,1,8,0,1,0,15.6,1.69,1080,2,2,512,4.5,22
258,5,0.0,1,3,1,8,0,1,0,15.6,0.9746666666666668,1080,2,3,512,5.0,41
259,2,4.0,2,2,1,16,1,1,0,14.0,1.6,1080,1,1,512,4.5,7
260,1,0.0,2,2,1,16,1,1,0,14.0,1.6,1080,1,1,512,2.0,7
261,1,0.0,1,3,1,16,0,1,0,14.0,1.4,1440,2,1,512,2.0,10
262,7,0.0,1,11,1,8,0,1,0,15.6,1.8,720,2,1,1256,6.0,37
263,2,4.0,2,2,1,16,0,1,0,14.0,1.39,1080,1,8,1000,4.5,16
264,2,0.0,1,3,1,8,0,1,1,14.0,1.05,1080,2,8,512,4.5,66
265,2,0.0,1,11,1,8,1,1,0,15.6,1.7,1080,2,3,1000,4.5,8
266,2,2.0,1,3,1,8,0,1,0,15.6,1.4946421471172964,1080,1,4,512,4.5,67
267,1,6.0,1,1,1,16,1,1,0,15.6,2.3,1080,1,8,1000,2.0,44
268,1,8.0,1,1,1,32,1,1,0,15.6,2.3,1080,1,8,1000,2.0,14
269,5,0.0,1,16,1,4,1,1,0,15.6,1.83,1080,2,4,256,5.0,3
270,5,0.0,1,11,1,4,0,1,0,14.0,0.9746666666666668,1080,2,3,256,5.0,41
271,5,0.0,1,11,1,16,0,1,0,15.6,1.83,1080,2,4,1256,5.0,3
272,5,0.0,1,11,1,8,0,1,0,15.6,0.9746666666666668,1440,2,1,256,5.0,68
273,1,4.0,2,2,1,16,1,1,0,17.3,2.6,1080,1,1,512,2.0,2
274,2,0.0,1,3,1,8,1,1,0,15.6,1.69,1080,2,2,512,4.5,4
275,2,0.0,1,5,1,8,0,1,0,14.0,1.46,720,2,2,256,4.5,8
276,2,0.0,2,9,1,8,1,1,0,14.0,1.46,1080,3,2,512,4.5,9
277,2,2.0,1,3,1,8,1,1,0,14.0,1.59,1080,1,4,512,4.5,67
278,2,0.0,2,13,1,8,1,1,0,15.6,1.8,1080,3,4,256,4.5,25
279,2,0.0,1,3,1,16,1,1,0,14.0,1.46,1080,2,4,512,4.5,10
280,1,6.0,1,4,1,16,0,1,0,15.6,2.25,1440,1,5,1000,2.0,23
281,2,0.0,1,3,1,8,0,1,0,13.3,1.3,1080,2,1,512,4.5,4
282,2,0.0,1,11,1,4,1,1,0,14.0,1.59,1080,2,4,1256,4.5,22
283,1,8.0,1,4,1,32,0,1,0,15.6,2.1,1440,1,5,1000,2.0,1
284,2,2.0,1,3,1,16,1,1,0,14.0,1.59,1080,1,4,512,4.5,67
285,2,0.0,1,3,1,8,1,1,0,15.6,1.8,1080,2,4,1256,4.5,22
286,2,0.0,1,11,1,8,1,1,0,14.96,1.8,1080,2,4,256,4.5,22
287,2,0.0,1,11,1,8,1,1,0,14.96,1.59,1080,2,4,256,4.5,22
288,1,10.0,2,10,1,16,0,1,0,15.6,1.9,1080,3,5,1000,2.0,69
289,2,0.0,2,12,1,8,1,1,0,15.6,1.76,1080,3,8,512,4.5,25
290,2,0.0,2,20,1,8,1,1,0,15.6,1.8,1080,3,4,256,4.5,9
291,5,0.0,1,11,0,8,0,1,0,15.6,0.9746666666666668,1080,2,3,1000,5.0,41
292,2,0.0,2,9,1,8,1,1,0,15.6,1.69,1080,3,2,512,4.5,25
293,2,0.0,1,11,1,8,1,1,0,15.6,1.7,1080,2,3,512,4.5,22
294,2,0.0,1,11,1,4,1,1,0,14.0,1.6,1080,2,3,256,4.5,8
295,5,0.512,1,3,1,8,0,1,0,15.6,0.9746666666666668,1080,2,3,512,5.0,41
296,2,0.0,2,12,1,8,1,1,0,14.0,1.46,1080,3,2,512,4.5,25
297,1,4.0,2,10,1,16,1,1,0,16.0,1.95,2160,1,1,1000,2.0,34
298,5,0.0,1,11,1,8,1,1,0,15.6,1.83,1080,2,4,1256,5.0,41
299,2,0.0,1,3,1,8,0,1,0,14.0,1.3,1080,2,5,512,4.5,22
300,2,2.0,1,4,1,8,0,1,0,14.0,1.3,1080,1,5,512,4.5,24
301,3,0.0,1,11,1,8,0,1,1,14.0,1.52,1080,2,2,256,5.0,22
302,3,0.0,1,11,1,8,0,1,1,14.0,1.5,1080,2,1,512,5.0,22
303,3,0.0,1,3,1,8,0,1,1,14.0,1.5,1080,2,1,512,5.0,10
304,3,0.0,1,11,1,8,0,1,1,14.0,1.5,1080,2,1,256,5.0,8
305,5,0.0,2,20,1,8,0,1,0,14.0,0.9746666666666668,720,3,2,512,5.0,29
306,2,0.0,1,16,1,8,0,1,0,14.1,1.4946421471172964,1080,2,1,256,4.5,22
307,2,0.0,1,16,1,8,0,1,0,14.0,1.3,1080,2,1,256,4.5,22
308,5,0.0,1,11,0,4,0,1,0,15.6,1.8,720,2,1,1000,5.0,70
309,5,4.0,2,2,1,16,1,1,0,15.6,2.4,1080,1,3,512,5.0,71
310,4,0.0,1,11,0,4,0,1,0,15.6,1.6219999999999999,1080,2,8,1000,4.5,72
311,1,4.0,1,14,1,16,0,1,0,16.0,1.41,1080,1,3,512,2.0,73
312,7,0.0,1,4,1,8,0,1,0,14.0,0.8,720,2,2,512,6.0,3
313,2,0.0,2,12,1,16,1,1,1,13.3,1.31,1080,2,3,1000,4.5,74
314,2,0.0,1,3,1,16,0,1,0,15.6,1.66,1080,2,3,512,4.5,10
315,2,0.0,1,11,1,8,1,1,0,15.6,1.65,1080,2,3,512,4.5,41
316,5,0.0,1,4,1,16,0,1,0,14.22,0.9746666666666668,1080,2,3,512,5.0,41
317,5,0.0,1,11,1,8,0,1,0,14.0,0.9746666666666668,1080,2,3,512,5.0,41
318,1,6.0,1,4,1,16,1,1,0,16.1,2.32,1080,1,2,1000,2.0,44
319,5,0.0,1,11,1,8,0,1,0,15.6,1.8,1080,2,1,512,5.0,22
320,5,0.0,1,11,1,8,0,1,0,15.0,0.9746666666666668,1080,2,3,256,5.0,8
321,5,0.0,1,3,1,8,0,1,0,15.6,0.9746666666666668,1080,2,4,1256,5.0,72
322,2,0.0,1,3,1,8,0,1,0,14.0,0.99,1080,2,11,256,4.5,10
323,2,0.0,1,3,1,8,0,1,0,14.0,0.99,1080,2,11,256,4.5,10
324,2,0.0,1,11,1,8,1,1,0,15.6,1.65,1080,2,3,256,4.5,41
325,2,0.0,1,3,1,8,0,1,0,16.0,1.19,1440,2,11,512,4.5,10
326,5,0.0,2,13,1,8,1,1,0,15.6,1.9,1080,3,8,512,5.0,25
327,1,4.0,2,10,1,16,1,1,0,15.6,2.1,1080,1,1,512,2.0,16
328,2,0.0,1,11,1,4,1,1,0,15.6,1.7,1080,2,8,256,4.5,22
329,1,6.0,2,10,1,16,0,1,0,15.6,2.3,1440,1,1,1000,2.0,23
330,5,0.0,1,16,0,4,0,1,0,15.6,1.9,1080,2,1,1000,5.0,22
331,2,0.0,1,3,1,8,1,1,0,15.6,1.8,1080,2,8,512,4.5,10
332,2,0.0,1,11,1,8,0,1,0,14.1,1.6,1080,2,1,512,4.5,22
333,5,0.0,1,3,1,16,0,1,1,17.3,2.3,1080,2,1,512,5.0,10
334,1,6.0,2,10,1,16,0,1,0,14.0,2.0686486486486486,1440,1,1,1000,2.0,75
335,5,0.0,1,11,0,8,0,1,0,15.6,0.9746666666666668,1080,2,2,1000,5.0,72
336,2,0.0,1,3,1,8,0,1,0,14.0,1.55,1080,2,1,256,4.5,22
337,2,0.0,2,20,1,8,1,1,0,15.6,1.8,1080,3,4,512,4.5,9
338,2,0.0,1,11,1,8,1,1,0,14.96,1.8,1080,2,4,512,4.5,35
339,2,0.0,1,11,1,8,1,1,0,15.6,1.8,1080,2,4,1256,4.5,8
340,2,0.0,1,3,1,8,1,1,0,14.0,1.59,1080,2,4,1256,4.5,10
341,3,0.0,2,12,1,8,1,1,1,14.0,1.56,1080,3,4,512,5.0,29
342,2,0.0,1,11,1,8,1,1,0,14.0,1.58,1080,2,4,512,4.5,37
343,2,0.0,1,11,0,8,1,1,0,15.6,1.8,1080,2,4,1000,4.5,22
344,2,0.0,2,12,1,8,1,1,0,14.0,1.5,1080,3,4,512,4.5,25
345,2,0.0,1,11,0,8,1,1,0,14.96,1.8,1080,2,4,1000,4.5,22
346,2,0.0,2,20,1,8,1,1,0,14.0,1.59,1080,3,4,512,4.5,9
347,2,2.0,1,3,1,8,1,1,0,15.6,1.8,1080,2,4,1256,4.5,8
348,2,0.0,2,20,0,8,1,1,0,15.6,1.8,1080,3,4,1000,4.5,9
349,2,2.0,1,3,1,8,1,1,0,15.6,1.8,1080,2,4,512,4.5,22
350,2,0.0,2,20,1,8,1,1,0,14.96,1.8,1080,3,4,256,4.5,9
351,2,0.0,1,11,1,8,1,1,0,15.6,1.8,1080,2,4,1256,4.5,8
352,3,0.0,1,3,1,8,1,1,1,14.0,1.5,1080,2,4,512,5.0,4
353,2,2.0,1,3,1,16,1,1,0,15.6,1.64,1080,1,4,512,4.5,24
354,5,0.0,2,22,0,8,0,1,0,15.6,0.9746666666666668,720,2,2,1000,5.0,41
355,5,0.0,2,12,1,8,0,1,0,15.6,0.9746666666666668,1080,3,3,512,5.0,29
356,5,0.0,1,11,0,8,1,1,0,14.1,1.6,720,2,1,1000,5.0,22
357,2,0.0,1,11,1,4,1,1,0,15.6,1.65,1080,2,3,256,4.5,41
358,2,0.0,1,3,1,8,0,1,0,14.0,1.3,1080,2,5,512,4.5,35
359,2,0.0,1,11,1,8,0,1,0,15.6,1.75,720,2,2,512,4.5,22
360,3,0.0,1,11,1,8,0,1,0,14.0,1.52,1080,2,2,512,5.0,22
361,2,0.0,1,3,1,8,0,1,0,15.6,1.75,1080,2,2,512,4.5,10
362,2,0.0,1,11,1,8,1,1,0,15.6,1.65,1080,2,3,512,4.5,22
363,2,0.0,1,11,1,8,0,1,0,15.6,1.75,720,2,2,512,4.5,22
364,2,0.0,1,3,1,16,0,1,1,13.5,1.34,1080,2,2,512,4.5,10
365,2,0.0,2,12,1,8,1,1,0,15.6,1.65,1080,3,3,512,4.5,25
366,2,0.0,1,11,1,8,1,1,0,14.0,1.5,1080,2,3,256,4.5,22
367,2,0.0,1,4,1,16,0,1,0,14.0,1.29,1080,2,5,512,4.5,66
368,2,0.0,1,11,1,8,0,1,0,14.0,1.3,1080,2,5,512,4.5,22
369,2,0.0,1,3,1,8,0,1,0,14.0,1.4,1080,2,4,512,4.5,22
370,3,2.0,1,3,1,8,1,1,1,14.0,1.5,1080,1,4,512,5.0,64
371,2,0.0,1,3,1,8,1,1,0,15.6,1.8,1080,2,4,512,4.5,22
372,3,0.0,2,2,1,16,1,1,1,14.0,1.56,1080,3,4,512,5.0,29
373,2,0.0,2,20,0,8,1,1,0,14.96,1.8,1080,3,4,1000,4.5,9
374,2,0.0,1,11,1,8,1,1,0,15.6,1.8,1080,2,4,512,4.5,22
375,2,0.0,2,13,1,8,1,1,0,15.6,1.8,1080,3,4,1256,4.5,39
376,3,0.0,1,11,1,8,1,1,1,14.0,1.5,1080,2,4,512,5.0,22
377,2,0.0,1,3,1,8,1,1,0,15.6,1.8,1080,2,4,1256,4.5,22
378,2,0.0,2,20,1,8,0,1,0,15.6,1.8,1080,3,4,256,4.5,25
379,3,0.0,1,3,1,8,1,1,1,14.0,1.5,1080,2,4,512,5.0,4
380,2,0.0,1,16,1,4,1,1,0,15.6,1.8,1080,2,4,256,4.5,22
381,2,0.0,1,11,1,4,1,1,0,14.0,1.59,1080,2,4,1256,4.5,22
382,2,0.0,1,3,1,8,1,1,0,15.6,1.8,1080,2,4,256,4.5,8
383,3,0.0,1,11,1,8,1,1,1,14.0,1.5,1080,2,4,256,5.0,22
384,3,0.0,1,3,1,16,1,1,1,14.0,1.5,1080,1,4,512,5.0,64
385,2,0.0,1,11,1,4,1,1,0,14.0,1.58,1080,2,4,1256,4.5,37
386,2,0.0,2,13,1,8,1,1,0,14.0,1.59,1080,3,4,256,4.5,29
387,2,0.0,2,12,1,8,1,1,0,15.6,1.64,1080,3,4,512,4.5,29
388,2,0.0,1,11,1,8,1,1,0,14.96,1.8,1080,2,4,256,4.5,22
389,2,0.0,2,20,1,8,1,1,0,15.6,1.8,1080,3,4,256,4.5,9
390,2,0.0,2,20,1,8,1,1,0,14.96,1.8,1080,3,4,1256,4.5,9
391,2,0.0,1,3,1,16,1,1,0,15.6,1.64,1080,2,4,512,4.5,4
392,2,0.0,1,11,1,8,1,1,0,15.6,1.8,1080,2,4,1256,4.5,22
393,2,0.0,2,13,1,8,1,1,0,15.6,1.8,1080,3,4,512,4.5,29
394,2,0.0,1,3,1,16,0,1,0,17.3,2.3,1080,2,1,512,4.5,66
395,5,2.0,1,3,1,16,0,1,0,15.6,0.9746666666666668,1080,1,4,512,5.0,76
396,5,0.0,1,11,1,8,0,1,0,15.6,1.8,1080,2,1,512,5.0,28
397,5,4.0,1,3,1,8,1,1,0,15.6,1.8,1080,1,4,512,5.0,77
398,5,0.0,2,13,1,8,0,1,0,15.6,0.9746666666666668,1080,3,4,1256,5.0,17
399,5,0.0,1,3,1,8,1,1,0,15.6,1.85,1080,2,4,1256,5.0,41
400,2,0.0,1,11,0,8,0,1,0,14.0,1.47,720,2,2,1000,4.5,22
401,2,0.0,1,3,1,8,0,1,0,15.6,1.8,1080,2,1,1256,4.5,10
402,2,0.0,1,3,1,16,0,1,0,14.0,1.4,1080,2,1,512,4.5,10
403,2,0.0,1,3,1,16,0,1,0,14.0,1.4,1080,2,1,512,4.5,10
404,2,0.0,1,11,1,8,0,1,0,15.6,1.8,1080,2,1,256,4.5,22
405,2,0.0,1,3,1,16,0,1,0,14.0,1.4,1080,2,1,512,4.5,10
406,2,0.0,2,12,1,8,0,1,0,15.6,1.8,1080,3,1,1256,4.5,25
407,2,0.0,2,12,1,8,0,1,0,15.6,1.8,1080,3,1,1256,4.5,25
408,5,0.0,1,11,0,8,0,1,0,15.6,0.9746666666666668,1080,2,4,1000,5.0,41
409,2,0.0,1,11,1,8,0,1,0,15.6,1.8,1080,2,1,512,4.5,22
410,2,0.0,1,3,1,16,0,1,0,15.6,1.8,1080,2,1,1256,4.5,10
411,2,0.0,1,11,1,8,0,1,0,15.6,1.8,1080,2,1,256,4.5,22
412,5,0.0,1,4,1,16,0,1,1,14.0,0.9746666666666668,1080,2,3,512,5.0,4
413,3,0.0,2,15,1,16,0,1,1,13.3,1.34171875,1080,3,2,512,5.0,25
414,5,0.0,1,11,1,8,0,1,0,14.0,1.6,720,2,1,256,5.0,22
415,7,0.0,1,11,0,4,0,3,0,15.6,1.8,720,2,1,1000,6.0,37
416,2,0.0,1,11,1,8,0,1,0,14.0,1.8,720,2,1,256,4.5,22
417,4,0.0,1,11,1,8,1,1,0,14.0,1.6,1080,2,1,256,4.5,28
418,5,4.0,2,2,1,16,0,1,0,15.6,1.65,1080,1,1,1000,5.0,34
419,1,6.0,1,1,1,16,1,1,0,15.6,2.3,1080,1,1,1000,2.0,23
420,1,4.0,2,12,1,8,0,1,0,15.6,1.98,1080,1,2,512,2.0,7
421,3,0.0,1,11,1,8,0,2,1,14.0,1.49,1080,2,2,256,5.0,22
422,5,0.0,2,20,0,8,0,1,0,15.6,0.9746666666666668,1080,3,4,1000,5.0,17
423,3,0.0,1,4,1,16,1,1,1,13.5,1.34,1440,2,2,1000,5.0,72
424,2,0.0,2,2,1,16,1,1,0,13.3,0.97,1080,3,2,1000,4.5,78
425,2,0.0,2,12,1,16,0,1,0,13.3,0.97,1080,2,2,512,4.5,22
426,1,4.0,2,2,1,16,0,1,0,15.6,1.98,1080,1,2,512,2.0,2
427,2,0.0,1,3,1,8,0,1,0,14.0,1.49,1080,2,2,512,4.5,35
428,1,4.0,1,4,1,16,0,1,0,15.6,2.23,1080,1,2,512,2.0,34
429,8,0.0,1,3,1,8,1,2,0,14.0,1.49,1080,2,2,256,8.0,10
430,1,8.0,1,4,1,16,0,1,0,16.1,2.32,1440,1,2,1000,2.0,14
431,1,4.0,2,12,1,8,0,1,0,15.6,1.98,1080,1,2,512,2.0,79
432,2,0.0,1,3,1,8,1,1,0,14.0,1.41,1080,2,2,512,4.5,66
433,2,0.0,1,3,1,16,0,1,0,14.0,1.41,1080,2,2,512,4.5,10
434,1,4.0,2,12,1,8,0,1,0,14.96,2.5,1080,1,4,512,2.0,2
435,2,0.0,1,3,1,8,1,1,0,15.6,1.75,1080,2,2,512,4.5,80
436,9,4.0,2,10,1,16,1,1,0,14.0,1.45,1440,1,1,1000,4.0,34
437,2,0.0,1,4,1,8,0,1,0,15.6,1.4946421471172964,1080,2,1,1256,4.5,3
438,5,0.0,1,11,0,4,0,1,0,15.6,1.9,1080,2,1,1000,5.0,28
439,5,0.0,1,3,1,8,0,1,0,15.6,1.8,1080,2,1,1256,5.0,20
440,1,6.0,1,1,1,16,0,1,0,16.0,2.2,1440,1,5,1000,2.0,23
441,5,0.0,1,11,1,8,0,1,0,15.6,1.8,1080,2,1,256,5.0,20
442,5,2.0,1,3,1,8,1,1,0,15.6,1.85,1080,2,3,512,5.0,22
443,5,0.0,1,11,1,8,0,1,0,14.1,0.9746666666666668,1080,2,2,512,5.0,5
444,5,0.0,2,13,1,8,0,1,0,15.6,0.9746666666666668,1080,3,4,1000,5.0,17
445,2,0.0,1,4,1,16,0,1,0,14.0,1.48,1080,2,10,512,4.5,51
446,2,0.0,1,11,1,8,0,1,0,14.0,1.46,1080,2,2,256,4.5,22
447,2,0.0,1,11,1,8,0,1,0,14.0,1.48,1080,2,10,256,4.5,22
448,2,0.0,1,3,1,8,0,1,0,14.0,1.48,1080,2,10,512,4.5,22
449,2,0.0,1,11,1,8,0,1,0,14.0,1.48,1080,2,10,256,4.5,22
450,2,0.0,1,3,1,8,0,1,0,14.0,1.48,1080,2,10,512,4.5,22
451,2,0.0,1,11,1,8,0,1,0,14.0,1.48,1080,2,10,256,4.5,22
452,5,0.0,2,22,1,16,0,1,0,13.3,1.8,1080,3,1,512,5.0,81
453,5,0.0,1,11,1,8,0,1,0,15.6,0.9746666666666668,1080,2,3,512,5.0,41
454,2,0.0,1,11,0,8,1,1,0,15.6,1.77,1080,2,2,1000,4.5,35
455,2,0.0,2,12,1,8,0,1,0,14.0,1.66,1080,3,3,512,4.5,58
456,2,0.0,1,3,1,16,0,1,0,17.3,2.3,1080,2,1,1256,4.5,66
457,9,4.0,2,2,1,16,1,1,0,14.0,1.4,1440,1,1,512,4.0,34
458,2,0.0,1,11,1,8,1,1,0,14.1,1.6,1080,2,1,1256,4.5,35
459,2,0.0,2,2,1,16,0,1,0,14.0,1.38,1080,3,3,512,4.5,25
460,5,0.0,1,5,1,4,0,1,0,15.6,1.9,720,2,1,256,5.0,27
461,2,0.0,1,3,1,16,1,1,0,14.0,1.41,1080,2,2,512,4.5,80
462,8,0.0,1,5,0,4,0,2,0,11.6,1.24,720,2,1,64,8.0,27
463,1,4.0,2,12,1,8,1,1,0,15.6,2.25,1080,1,3,512,2.0,7
464,2,0.0,1,11,1,8,1,1,0,15.6,1.65,1080,2,3,256,4.5,22
465,2,0.0,1,11,1,4,0,1,0,14.0,1.6,1080,2,1,256,4.5,35
466,2,0.0,1,3,1,8,0,1,0,14.0,1.25,1080,2,7,512,4.5,82
467,2,0.0,1,11,1,8,1,1,0,15.6,1.85,1080,2,4,256,4.5,22
468,2,0.0,1,11,1,4,1,1,0,14.0,1.58,1080,2,4,1256,4.5,22
469,2,0.0,1,3,1,16,1,1,0,14.0,1.5,1080,2,4,512,4.5,10
470,2,0.0,2,13,1,8,1,1,0,14.0,1.58,1080,3,4,512,4.5,39
471,2,0.0,1,11,1,8,0,1,0,14.0,1.3,1080,2,5,256,4.5,22
472,5,0.0,1,11,0,8,1,1,0,15.6,1.8,720,2,1,1000,5.0,28
473,2,0.0,1,11,1,8,0,1,0,14.0,1.3,1080,2,5,512,4.5,22
474,2,0.0,1,4,1,8,0,1,0,14.0,1.3,1080,2,5,512,4.5,22
475,2,0.0,1,3,1,16,0,1,0,14.0,1.29,1080,2,5,512,4.5,10
476,1,6.0,1,3,1,16,1,1,0,15.6,2.0,1080,1,1,512,2.0,23
477,2,0.0,1,11,1,4,0,1,0,15.6,1.8,1080,2,1,512,4.5,22
478,1,0.0,1,4,1,16,0,1,0,15.6,1.8,1080,2,1,512,2.0,51
479,2,0.0,1,11,1,8,0,1,0,15.6,1.8,1080,2,1,512,4.5,22
480,1,0.0,1,4,1,16,0,1,0,15.6,1.8,1080,2,1,512,2.0,51
481,2,0.0,1,11,1,8,0,1,0,15.6,1.8,1080,2,1,512,4.5,22
482,5,0.0,1,3,0,8,0,1,0,15.0,0.9746666666666668,1080,2,4,1000,5.0,41
483,1,4.0,2,12,1,8,1,1,0,15.6,2.4,1080,1,3,512,2.0,83
484,2,0.0,1,11,1,8,0,1,0,15.6,1.75,720,2,2,512,4.5,22
485,5,0.0,1,11,0,8,1,1,0,15.6,1.8,720,2,1,1000,5.0,28
486,5,0.0,1,11,1,8,1,1,0,15.6,0.9746666666666668,1080,2,4,256,5.0,41
487,2,0.0,2,20,1,8,1,1,0,14.1,1.5,1080,2,1,256,4.5,84
488,1,4.0,2,10,1,16,0,1,0,14.0,1.7,1440,1,1,1000,2.0,85
489,5,0.0,1,11,0,8,0,1,0,15.6,0.9746666666666668,1080,2,4,1000,5.0,35
490,2,0.0,1,3,1,8,0,1,0,14.0,1.2,1080,2,8,512,4.5,10
491,2,0.0,2,12,1,16,1,1,0,14.0,1.41,1080,3,2,512,4.5,52
492,7,2.0,1,4,1,16,0,1,0,12.0,0.8,1080,1,3,512,6.0,86
493,2,0.0,1,3,1,8,1,1,0,15.6,1.75,1080,2,2,512,4.5,10
494,2,0.0,2,2,1,8,0,1,0,14.0,1.46,1080,3,2,512,4.5,25
495,1,4.0,2,2,1,8,0,1,0,14.0,1.6,1440,1,1,1000,2.0,7
496,1,6.0,2,2,1,16,1,1,0,15.6,2.4,1080,1,3,1000,2.0,23
497,3,0.0,2,2,1,16,0,1,1,13.3,1.32,1080,3,3,512,5.0,25
498,1,4.0,2,2,1,8,0,1,0,14.0,1.6,1080,1,1,1000,2.0,7
499,1,4.0,2,2,1,8,0,1,0,14.0,1.6,1080,1,1,1000,2.0,7
500,2,0.0,1,5,1,4,0,1,0,14.0,1.5,720,2,3,256,4.5,22
501,5,0.0,1,5,0,4,0,3,0,15.6,1.85,1080,2,3,1000,5.0,87
502,1,8.0,1,4,1,16,0,1,0,15.6,2.25,1440,1,5,1000,2.0,14
503,2,0.0,1,11,0,8,1,1,0,15.6,1.85,1080,2,4,1000,4.5,22
504,1,4.0,1,3,1,16,0,1,0,15.6,2.25,1080,1,5,512,2.0,32
505,2,0.0,2,12,1,16,1,1,1,13.3,1.31,1080,2,3,512,4.5,74
506,2,0.0,1,11,1,4,1,1,0,15.6,1.4946421471172964,1080,2,3,256,4.5,22
507,2,0.0,4,23,1,16,0,4,0,14.2,1.6,1440,2,12,1000,4.5,88
508,1,4.0,1,3,0,8,0,1,0,15.6,2.0686486486486486,1080,1,3,1000,2.0,71
509,1,4.0,2,2,1,8,1,1,0,15.6,2.1,1080,1,1,512,2.0,7
510,1,4.0,2,2,1,16,0,1,0,15.6,2.4,1080,1,8,1256,2.0,16
511,3,0.0,1,4,1,16,1,1,1,13.5,1.34,1080,2,2,1000,5.0,72
512,2,0.0,1,11,1,8,0,1,1,14.0,1.52,1080,2,2,512,4.5,22
513,2,0.0,2,12,1,16,0,1,0,14.0,1.41,1080,3,2,512,4.5,25
514,5,0.0,1,11,1,8,0,1,0,15.6,1.85,720,2,3,256,5.0,22
515,1,4.0,2,2,1,8,0,1,0,15.6,2.0686486486486486,720,1,1,512,2.0,89
516,2,0.0,1,11,1,4,0,1,0,15.6,1.4946421471172964,1080,2,8,256,4.5,22
517,5,0.0,1,11,1,4,0,1,0,12.0,0.9746666666666668,1080,2,3,256,5.0,41
518,5,0.0,2,7,1,4,0,1,0,15.6,1.9,720,3,8,256,5.0,25
519,5,0.0,1,11,1,4,0,1,0,15.6,0.9746666666666668,1080,2,3,256,5.0,41
520,2,0.0,1,11,1,8,1,1,0,15.6,1.85,1080,2,4,256,4.5,22
521,5,0.0,1,11,0,8,0,1,0,15.6,0.9746666666666668,1080,2,4,1000,5.0,3
522,8,0.0,1,5,0,4,0,2,0,14.0,1.4,1080,2,3,64,8.0,22
523,1,4.0,2,12,1,8,1,1,0,15.6,2.4,1080,1,4,512,2.0,2
524,1,8.0,2,10,1,16,0,1,0,16.1,2.23,1440,3,2,1000,2.0,40
525,2,2.0,1,3,1,8,1,1,0,15.6,1.4946421471172964,1080,1,1,1256,4.5,90
526,5,0.0,1,3,1,16,0,1,0,15.6,0.9746666666666668,1080,2,4,512,5.0,70
527,1,6.0,1,4,1,16,1,1,0,15.6,2.4,1080,1,4,1000,2.0,23
528,2,2.0,1,3,1,8,1,1,0,15.6,1.85,1080,1,4,1256,4.5,64
529,2,0.0,1,3,1,8,1,1,0,14.0,1.4,1080,2,13,512,4.5,10
530,2,0.0,1,3,1,16,1,1,0,14.0,1.4,1080,2,13,512,4.5,10
531,2,0.0,1,11,1,8,1,1,0,14.0,1.58,1080,2,4,256,4.5,22
532,3,2.0,1,3,1,8,1,1,1,14.0,1.5,1080,2,4,512,5.0,91
533,2,0.0,1,3,1,16,1,1,0,14.0,1.46,1080,2,4,512,4.5,10
534,3,0.0,1,3,1,8,1,1,1,14.0,1.5,1080,2,4,512,5.0,10
535,2,0.0,1,11,0,8,1,1,0,14.96,1.85,1080,2,4,1000,4.5,22
536,1,4.0,2,12,1,16,1,1,0,15.6,2.4,1080,1,4,512,2.0,2
537,2,0.0,1,11,1,8,1,1,0,15.6,1.85,1080,2,4,1256,4.5,22
538,2,0.0,2,7,1,4,1,1,0,15.6,1.83,720,3,4,256,4.5,25
539,2,0.0,1,3,1,8,0,1,1,13.3,1.27,1080,2,2,512,4.5,10
540,2,0.0,1,11,1,8,1,1,0,15.6,1.85,1080,2,4,1256,4.5,22
541,4,0.0,2,13,1,8,1,1,0,15.6,1.83,1080,3,4,256,4.5,92
542,2,0.0,1,3,1,8,0,1,0,14.0,1.4,720,2,13,512,4.5,22
543,2,4.0,1,3,1,16,0,1,0,14.0,1.59,2160,1,2,512,4.5,93
544,2,0.0,1,3,1,8,1,1,0,14.0,1.58,1080,2,4,512,4.5,10
545,1,4.0,1,4,1,16,1,1,0,15.6,2.4,1080,1,4,512,2.0,32
546,2,0.0,1,3,1,8,1,1,0,14.0,1.58,1080,2,4,1256,4.5,10
547,3,2.0,1,3,1,16,0,1,1,14.0,1.5,1080,1,4,512,5.0,64
548,2,0.0,1,11,1,8,1,1,0,15.6,1.85,1080,2,4,1256,4.5,22
549,3,0.0,1,3,1,16,1,1,1,13.5,1.34,1080,2,2,512,5.0,72
550,2,0.0,1,3,0,8,0,1,0,15.6,1.8,1080,2,1,1000,4.5,22
551,6,4.0,2,10,1,16,1,1,1,13.4,1.3,1080,1,1,1000,4.0,2
552,2,0.0,2,12,1,8,0,1,0,15.6,1.8,1080,3,1,1256,4.5,25
553,2,0.0,1,11,1,8,0,1,0,15.6,1.8,1080,2,1,256,4.5,22
554,6,4.0,2,10,1,32,1,1,1,13.4,1.3,1080,1,1,1000,4.0,16
555,1,4.0,2,10,1,16,0,1,0,15.6,2.1,1080,1,1,1000,2.0,16
556,1,6.0,1,4,1,16,1,1,0,16.0,1.9,1440,1,1,1000,2.0,44
557,2,0.0,1,3,1,16,0,1,0,15.6,1.8,1080,2,1,1256,4.5,10
558,6,4.0,2,10,1,32,1,1,1,13.4,1.3,2160,1,1,1000,4.0,16
559,1,4.0,1,4,1,16,1,1,0,16.0,1.9,1080,1,1,1000,2.0,34
560,1,4.0,2,12,1,8,1,1,0,15.6,2.4,1080,1,3,512,2.0,7
561,1,4.0,1,3,1,8,0,1,0,15.6,2.25,1080,1,3,512,2.0,7
562,2,0.0,1,3,1,8,1,1,0,15.6,1.65,1080,2,3,512,4.5,10
563,1,6.0,1,4,1,16,0,1,0,16.0,2.0686486486486486,1440,1,3,1000,2.0,23
564,2,0.0,1,5,1,4,0,1,0,14.0,1.5,720,2,3,256,4.5,22
565,2,0.0,1,3,1,16,0,1,0,14.0,1.4946421471172964,1080,2,3,512,4.5,22
566,2,0.0,2,12,1,16,0,1,1,13.3,1.31,1080,3,3,512,4.5,25
567,2,0.0,1,11,1,8,0,1,0,14.0,1.4946421471172964,1080,2,3,256,4.5,22
568,1,4.0,2,12,1,8,1,1,0,15.6,2.3,1080,1,3,1256,2.0,7
569,5,0.0,1,11,1,8,0,1,0,15.6,1.85,720,2,3,256,5.0,22
570,2,2.0,1,3,1,16,0,1,0,15.6,1.4946421471172964,1080,1,3,512,4.5,24
571,1,4.0,2,24,1,8,0,1,0,15.6,2.0686486486486486,1080,1,2,512,2.0,7
572,5,0.0,1,3,1,8,1,1,0,15.6,1.75,1080,2,1,512,5.0,94
573,2,0.0,2,12,1,8,1,1,0,14.0,1.41,1080,3,2,512,4.5,29
574,1,4.0,1,3,1,8,0,1,0,15.6,2.23,1080,1,2,512,2.0,2
575,3,0.0,1,4,1,16,0,1,1,14.0,1.5,1080,2,3,512,5.0,10
576,2,0.0,1,3,1,8,0,1,0,13.0,1.26,1440,2,3,512,4.5,10
577,2,0.0,1,3,1,16,0,1,0,13.0,1.26,1440,2,3,512,4.5,10
578,2,0.0,1,11,1,4,0,1,0,15.0,1.7,1080,2,3,256,4.5,22
579,2,0.0,2,12,1,8,0,3,0,14.0,1.69,1080,3,3,512,4.5,25
580,2,0.0,1,3,1,8,0,1,0,13.3,2.023,1440,2,3,1000,4.5,10
581,2,0.0,1,4,1,16,0,1,0,13.0,1.26,1440,2,3,1000,4.5,10
582,1,4.0,1,4,1,16,0,1,0,15.6,2.23,1080,1,2,512,2.0,2
583,2,0.0,1,3,1,8,0,1,0,14.0,1.6,1080,2,3,512,4.5,10
584,2,0.0,1,11,1,8,0,1,0,15.6,1.8,1080,2,14,512,4.5,22
585,5,0.0,1,11,1,8,0,1,0,15.6,0.9746666666666668,1080,2,3,256,5.0,95
586,5,0.0,2,20,0,4,0,1,0,15.6,1.85,720,3,3,1000,5.0,25
587,5,0.0,2,21,1,4,0,1,0,15.6,1.9,720,3,8,256,5.0,25
588,2,0.0,2,20,1,8,0,1,0,15.6,1.69,1080,3,2,256,4.5,25
589,2,2.0,2,2,1,16,0,1,0,14.0,1.41,1080,1,2,512,4.5,24
590,2,2.0,2,12,1,16,0,1,0,14.0,1.41,1080,1,2,512,4.5,24
591,2,2.0,1,4,1,16,0,1,0,13.3,1.3,1080,1,2,1000,4.5,24
592,1,4.0,1,4,1,16,1,1,0,15.6,2.4,1080,1,3,512,2.0,2
593,1,4.0,1,3,1,8,0,1,0,15.6,2.25,1080,1,3,512,2.0,7
594,2,2.0,1,3,1,16,0,1,0,14.0,1.41,1080,1,3,512,4.5,24
595,2,2.0,1,3,1,8,0,1,0,15.6,1.7,1080,1,3,512,4.5,67
596,8,0.0,1,5,0,4,0,2,1,11.6,1.25,720,2,3,128,8.0,22
597,2,0.0,1,3,1,8,0,1,0,15.6,1.7,1080,2,3,512,4.5,22
598,1,4.0,1,4,1,16,1,1,0,15.6,2.3,1440,1,8,1512,2.0,32
599,2,0.0,1,11,1,4,0,1,0,15.6,1.8,1080,2,1,256,4.5,22
600,1,4.0,1,4,1,16,1,1,0,15.6,2.3,1440,1,8,1512,2.0,32
601,2,0.0,1,11,1,4,0,1,0,15.6,1.8,1080,2,1,256,4.5,22
602,2,0.0,1,3,1,8,0,1,0,14.0,1.17,1080,2,1,512,4.5,10
603,2,0.0,1,3,1,8,0,1,0,15.6,1.8,1080,2,1,1256,4.5,10
604,2,0.0,2,20,1,8,0,1,0,15.6,1.8,1080,3,1,256,4.5,25
605,2,0.0,1,3,1,8,0,1,0,14.0,1.55,1080,2,8,1000,4.5,10
606,4,0.0,2,13,1,8,0,1,0,15.6,1.9,1080,3,8,512,4.5,17
607,2,0.0,1,3,1,8,0,1,0,15.6,1.65,1080,2,8,512,4.5,10
608,2,0.0,1,3,1,8,0,1,0,15.6,1.65,1080,2,8,1256,4.5,10
609,2,0.0,1,3,1,8,0,1,0,15.6,1.65,1080,2,8,1256,4.5,10
610,1,4.0,2,2,1,8,0,1,0,15.6,2.3,1080,1,1,1000,2.0,2
611,1,4.0,2,2,1,8,1,1,0,15.6,2.3,1080,1,1,512,2.0,7
612,2,0.0,1,3,1,16,1,1,0,14.0,1.68,1080,2,8,1256,4.5,10
613,3,0.0,1,11,1,8,1,1,1,14.0,1.56,1080,2,4,256,5.0,22
614,2,0.0,1,11,0,4,0,1,0,14.0,1.6,720,2,1,1000,4.5,96
615,2,0.0,1,11,1,8,0,1,0,15.6,1.7,1080,2,3,256,4.5,22
616,8,0.0,1,5,0,4,0,2,0,11.6,1.12,720,2,3,64,8.0,22
617,1,4.0,2,10,1,16,1,1,0,15.6,2.3,1080,1,1,1000,2.0,32
618,4,0.0,1,3,1,8,0,1,0,14.0,1.3,1080,2,5,512,4.5,22
619,4,0.0,1,11,1,8,0,1,0,14.0,1.3,1080,2,5,512,4.5,22
620,4,0.0,1,4,1,8,0,1,0,14.0,1.3,1080,2,5,512,4.5,10
621,4,2.0,1,4,1,8,0,1,0,14.0,1.3,1080,1,5,512,4.5,24
622,2,0.0,1,3,1,8,0,1,0,14.0,1.3,1080,2,5,512,4.5,22
623,1,4.0,1,3,1,8,0,1,0,15.6,2.3,1080,1,1,1000,2.0,2
624,1,4.0,1,3,1,8,0,1,0,17.3,2.6,1080,1,1,512,2.0,2
625,1,4.0,1,4,1,16,0,1,0,15.6,2.3,1080,1,1,1000,2.0,2
626,1,4.0,1,3,1,8,0,1,0,15.6,2.14,1080,1,1,1256,2.0,7
627,1,4.0,1,3,1,8,0,1,0,15.6,2.14,1080,1,1,1256,2.0,7
628,1,4.0,1,4,1,8,0,1,0,15.6,2.14,1080,1,1,512,2.0,7
629,1,4.0,2,2,1,8,1,1,0,14.0,1.6,1440,1,1,1000,2.0,7
630,1,4.0,1,4,1,16,0,1,0,15.6,2.14,1080,1,1,1256,2.0,7
631,1,4.0,1,4,1,16,0,1,0,17.3,2.6,1080,1,1,512,2.0,2
632,1,4.0,2,2,1,16,0,1,0,17.3,2.6,1080,1,1,512,2.0,2
633,1,6.0,2,10,1,16,1,1,0,15.6,1.9,1440,1,1,1000,2.0,23
634,1,4.0,1,4,1,16,0,1,0,15.6,2.14,1080,1,1,512,2.0,7
635,5,0.0,2,12,1,8,0,1,0,15.6,1.6,1080,3,1,1024,5.0,81
636,2,0.0,1,11,1,8,1,1,0,15.6,1.65,1080,2,3,512,4.5,22
637,2,0.0,1,3,1,16,0,1,1,14.0,1.36,1080,2,3,512,4.5,10
638,2,0.0,1,3,1,16,0,1,0,14.0,1.38,1080,2,3,512,4.5,10
639,5,0.0,1,11,0,8,0,1,0,15.6,1.6,1080,2,1,1000,5.0,97
640,2,0.0,2,12,1,8,0,1,0,15.6,1.8,1080,3,1,512,4.5,58
641,1,4.0,2,10,1,16,1,1,0,15.6,2.3,1080,1,1,1000,2.0,32
642,1,4.0,1,3,1,8,0,1,0,15.6,1.86,1080,1,5,512,2.0,2
643,1,6.0,1,4,1,16,0,1,0,15.6,1.86,1080,1,5,1000,2.0,23
644,2,0.0,2,12,1,8,1,1,0,15.6,1.75,1080,3,2,512,4.5,25
645,2,0.0,2,12,1,16,1,1,0,15.6,1.75,1080,3,2,512,4.5,25
646,1,4.0,1,4,1,16,0,1,0,15.6,2.25,1080,1,5,1000,2.0,2
647,1,4.0,1,4,1,16,0,1,0,15.6,1.86,1080,1,5,512,2.0,2
648,2,4.0,1,3,1,16,0,1,0,14.0,1.59,1080,1,2,1000,4.5,93
649,1,8.0,2,2,1,16,0,1,0,15.6,2.35,1080,3,5,1000,2.0,98
650,2,0.0,1,11,0,4,0,1,0,15.6,1.8,720,2,1,1000,4.5,28
651,2,0.0,1,11,0,8,1,1,0,14.0,1.4946421471172964,1080,2,1,1000,4.5,41
652,1,6.0,1,4,1,16,1,1,0,15.6,2.3,1440,1,8,1512,2.0,23
653,1,4.0,1,3,1,8,0,1,0,17.3,2.6,1080,1,1,1000,2.0,2
654,2,0.0,2,2,1,16,0,1,1,13.3,1.32,1080,3,2,1000,4.5,58
655,5,0.0,1,11,1,8,0,1,0,15.6,1.8,1080,2,1,256,5.0,22
656,5,0.0,1,3,1,8,0,1,0,15.6,1.8,1080,2,1,512,5.0,99
657,2,0.0,1,4,1,16,0,1,1,14.0,1.57,1080,2,1,1000,4.5,10
658,2,0.0,2,12,1,8,0,1,0,15.6,1.66,1080,3,3,512,4.5,58
659,1,4.0,1,3,0,8,1,1,0,15.6,2.2,1080,1,3,1000,2.0,7
660,1,4.0,1,4,1,8,0,1,0,15.6,2.25,1080,1,3,512,2.0,2
661,1,8.0,1,4,1,16,0,1,0,15.6,2.1,1440,1,5,1000,2.0,14
662,1,6.0,2,10,1,16,0,1,0,15.6,2.3,1080,1,1,1000,2.0,23
663,1,4.0,2,2,1,8,0,1,0,15.6,2.1,1080,1,1,512,2.0,2
664,2,0.0,1,3,1,8,0,1,0,14.0,1.38,1440,2,6,512,4.5,10
665,2,0.0,1,11,1,8,0,1,0,14.0,1.38,1440,2,6,256,4.5,22
666,1,4.0,2,2,1,8,1,1,0,15.6,2.1,1080,1,1,512,2.0,7
667,2,0.0,1,3,1,8,0,1,0,14.0,1.38,1440,2,6,512,4.5,10
668,1,4.0,1,4,1,16,1,1,0,15.6,2.23,1080,1,2,512,2.0,7
669,1,4.0,1,3,1,16,1,1,0,15.6,2.0,1080,1,1,512,2.0,100
670,2,0.0,1,3,1,16,0,1,0,14.0,1.4,1080,2,1,512,4.5,101
671,2,0.0,2,12,1,16,0,1,0,13.3,0.97,1080,3,2,512,4.5,58
672,2,2.0,1,3,1,16,0,1,1,13.3,1.3,1080,1,2,512,4.5,24
673,5,0.0,1,11,0,8,0,1,0,15.6,0.9746666666666668,1080,2,4,1000,5.0,3
674,2,0.0,1,11,0,4,1,1,0,14.1,1.6,1080,2,1,1000,4.5,22
675,1,4.0,1,4,1,16,0,1,0,15.6,2.25,1080,1,5,512,2.0,16
676,1,8.0,1,4,1,16,0,1,0,17.3,2.9,1080,1,5,1000,2.0,14
677,1,6.0,1,4,1,16,1,1,0,15.6,2.3,1440,1,8,1000,2.0,23
678,1,12.0,2,10,1,16,1,1,0,15.6,2.5,1440,3,1,1000,2.0,102
679,1,4.0,2,12,1,8,1,1,0,15.6,1.98,1080,1,2,512,2.0,7
680,1,4.0,2,2,1,8,1,1,0,15.6,2.1,1080,1,1,512,2.0,7
681,5,2.0,1,3,1,8,0,1,0,15.6,0.9746666666666668,1080,1,1,1256,5.0,103
682,5,0.0,1,11,1,8,0,1,0,14.0,0.9746666666666668,1080,2,3,256,5.0,41
683,2,0.0,1,3,1,8,0,1,0,15.6,1.8,1080,2,14,512,4.5,10
684,2,0.0,1,11,1,8,0,1,0,15.6,1.8,1080,2,14,256,4.5,22
685,2,0.0,2,12,1,8,0,1,0,14.0,1.3,1080,3,5,512,4.5,29
686,1,4.0,1,3,1,8,1,1,0,15.6,2.28,1080,1,2,1256,2.0,7
687,2,0.0,2,2,1,16,0,1,0,13.3,1.14,1080,3,1,1000,4.5,29
688,2,0.0,1,11,1,8,1,1,0,14.96,1.58,1080,2,4,256,4.5,22
689,2,0.0,2,12,1,8,0,1,0,15.6,1.76,1080,3,8,512,4.5,104
690,2,0.0,2,12,1,8,0,1,0,14.0,1.2,1080,3,8,512,4.5,104
691,2,0.0,2,12,1,16,0,1,0,13.3,1.14,1080,3,1,512,4.5,29
692,5,2.0,1,3,1,8,1,1,0,15.6,1.85,1080,1,4,1256,5.0,64
693,2,0.0,1,11,0,8,1,1,0,14.0,1.58,1080,2,4,1000,4.5,22
694,2,2.0,1,3,1,8,1,1,0,14.0,1.58,1080,1,4,512,4.5,67
695,2,0.0,1,3,1,8,0,1,0,15.6,1.39,1080,2,3,512,4.5,59
696,2,0.0,1,11,1,4,1,1,0,14.0,1.58,1080,2,4,1256,4.5,22
697,2,0.0,2,12,1,16,0,1,0,13.3,0.97,1080,3,2,512,4.5,29
698,2,0.0,2,9,1,8,1,1,0,15.6,1.69,1080,3,2,512,4.5,29
699,1,4.0,2,12,1,8,0,1,0,15.6,2.35,1080,3,5,512,2.0,105
700,2,0.0,1,3,1,8,0,1,0,15.6,1.8,1080,2,1,1256,4.5,22
701,2,0.0,1,3,1,8,0,1,0,15.6,1.39,1080,2,3,256,4.5,59
702,5,0.0,1,11,1,4,0,1,0,15.6,0.9746666666666668,1080,2,1,256,5.0,41
703,1,4.0,1,4,1,8,1,1,0,15.6,2.2,1080,1,3,512,2.0,7
704,2,0.0,1,11,1,8,0,1,0,15.6,1.8,1080,2,1,512,4.5,22
705,2,0.0,1,11,1,4,0,1,0,15.6,1.8,1080,2,1,512,4.5,22
706,2,0.0,1,3,1,8,0,1,0,15.6,1.8,1080,2,1,512,4.5,22
707,2,2.0,1,3,1,8,0,1,0,15.6,1.8,1080,1,1,512,4.5,106
708,2,0.0,2,13,1,8,1,1,0,14.0,1.51,1080,3,2,1256,4.5,29
709,2,0.0,1,11,1,8,1,1,0,14.0,1.58,1080,2,4,512,4.5,22
710,5,0.0,1,3,1,4,0,1,0,14.0,0.9746666666666668,1080,2,3,512,5.0,72
711,2,0.0,1,11,0,8,1,1,0,15.6,1.7,1080,2,3,1000,4.5,22
712,1,6.0,1,4,1,16,0,1,0,15.6,2.25,1080,1,5,1000,2.0,23
713,2,0.0,1,11,1,4,1,1,0,15.6,1.7,1080,2,3,256,4.5,22
714,2,0.0,1,11,0,8,1,1,0,15.6,1.7,720,2,3,1000,4.5,22
715,2,0.0,1,11,1,8,1,1,0,15.6,1.6,1080,2,3,256,4.5,22
716,2,0.0,2,25,1,4,0,1,0,14.0,1.34,720,3,7,128,4.5,107
717,1,6.0,2,10,1,16,1,1,0,15.6,1.9,1440,1,1,1000,2.0,23
718,4,0.0,1,11,1,8,1,1,0,14.0,1.68,1080,2,8,1256,4.5,22
719,4,0.0,1,3,1,8,1,1,0,14.0,1.68,1080,2,8,1256,4.5,10
720,2,0.0,1,3,1,8,0,1,0,14.0,1.49,1080,2,2,512,4.5,22
721,3,0.0,1,3,1,16,0,1,1,14.0,1.43,1080,2,3,512,5.0,10
722,8,0.0,5,26,0,4,0,2,1,11.6,1.07,720,2,2,64,8.0,108
723,2,0.0,1,3,1,8,1,1,0,15.6,1.65,1080,2,3,512,4.5,10
724,2,0.0,4,27,1,8,1,4,0,13.3,1.29,1440,2,12,512,4.5,88
725,2,0.0,4,27,1,8,1,4,0,13.3,1.4,1440,2,12,1000,4.5,88
726,2,0.0,4,27,1,8,1,4,0,13.3,1.29,1440,2,12,512,4.5,88
727,4,0.0,2,28,0,4,0,3,0,14.0,2.2,720,3,3,1000,4.5,29
728,1,6.0,2,2,1,16,1,1,0,15.6,2.37,1080,1,2,1000,2.0,23
729,8,0.0,1,5,0,4,0,2,1,11.6,1.2,720,2,1,64,8.0,109
730,8,0.0,1,5,0,4,0,2,0,11.6,1.0,720,2,1,32,8.0,110
731,8,0.0,1,5,0,4,0,2,0,15.6,1.43,720,2,1,64,8.0,110
732,1,8.0,2,2,1,16,1,1,0,15.6,2.37,1440,1,2,1000,2.0,14
733,8,0.0,1,5,0,4,0,2,1,14.0,1.34,720,2,1,64,8.0,110
734,8,0.0,1,5,0,4,0,2,0,14.0,1.2,720,2,1,64,8.0,110
735,6,4.0,2,10,1,32,1,1,1,13.4,1.3,2160,1,1,1000,4.0,7
736,8,0.0,1,5,0,4,0,2,1,15.6,1.69,1080,2,1,64,8.0,110
737,1,4.0,2,2,1,16,1,1,0,15.6,1.98,1080,1,2,512,2.0,2
738,2,0.0,1,5,0,4,0,1,0,11.6,1.05,720,2,1,64,4.5,109
739,1,4.0,2,12,1,8,0,1,0,15.6,2.2,1080,1,3,512,2.0,7
740,2,0.0,2,12,1,8,0,1,0,14.1,1.4,1080,3,1,1000,4.5,78
741,4,0.0,2,28,0,4,0,1,0,14.0,2.2,720,3,3,1000,4.5,111
742,2,0.0,1,3,1,8,1,1,0,14.0,1.41,1080,2,3,512,4.5,10
743,1,4.0,1,3,1,8,1,1,0,15.6,2.3,1080,1,3,512,2.0,7
744,1,4.0,2,12,1,8,1,1,0,15.6,2.4,1080,1,8,1256,2.0,2
745,2,0.0,1,3,1,16,1,1,0,14.0,1.5,1080,2,4,512,4.5,10
746,2,0.0,2,12,1,8,1,1,0,14.0,1.5,1080,3,4,512,4.5,29
747,1,4.0,2,2,1,16,1,1,0,15.6,2.1,1080,1,1,1000,2.0,2
748,2,0.0,2,12,1,8,0,1,0,14.0,1.4,1080,3,1,512,4.5,29
749,4,0.0,2,25,0,4,0,1,0,14.0,2.2,720,3,3,1000,4.5,112
750,2,0.0,1,11,1,8,0,1,0,15.6,1.74,1080,2,2,512,4.5,22
751,3,2.0,1,3,1,16,1,1,1,14.0,1.56,1080,1,4,512,5.0,64
752,2,2.0,1,3,1,8,0,1,0,15.6,1.4946421471172964,1080,1,1,1256,4.5,67
753,2,0.0,1,3,1,16,1,1,0,15.3,1.65,1080,2,4,512,4.5,10
754,2,0.0,2,12,1,8,1,1,0,15.6,1.64,1080,3,4,512,4.5,92
755,2,2.0,1,3,1,16,1,1,0,15.6,1.65,1080,1,4,512,4.5,24
756,5,0.0,1,3,1,16,1,1,0,15.6,1.65,1080,2,4,512,5.0,113
757,2,2.0,1,3,1,16,1,1,0,14.0,1.35,1440,1,4,512,4.5,64
758,2,0.0,1,4,1,16,1,1,1,13.4,1.27,2160,2,4,1000,4.5,10
759,5,0.0,2,12,1,16,1,1,0,17.3,2.3,1080,3,1,512,5.0,29
760,1,4.0,2,12,1,8,1,1,0,15.6,1.98,1080,1,2,512,2.0,114
761,3,0.0,1,3,1,16,1,1,1,14.0,1.56,1080,2,4,512,5.0,10
762,3,0.0,1,3,1,8,1,1,1,14.0,1.56,1080,2,4,512,5.0,10
763,1,4.0,1,4,1,8,1,1,0,15.6,2.3,1080,1,1,1000,2.0,2
764,1,4.0,1,3,0,8,0,1,0,15.6,1.86,1080,1,5,1000,2.0,115
765,1,4.0,1,3,1,16,1,1,0,15.6,2.4,1080,1,4,512,2.0,7
766,1,4.0,1,3,1,16,1,1,0,15.6,2.4,1080,1,4,512,2.0,7
767,6,4.0,2,10,1,16,1,1,1,13.4,1.3,1080,1,1,1000,4.0,7
768,1,4.0,1,3,1,8,1,1,0,17.3,2.6,1080,1,1,1000,2.0,2
769,1,4.0,1,3,1,8,1,1,0,15.6,2.4,1080,1,4,512,2.0,7
770,1,6.0,1,4,1,16,0,1,0,15.6,1.7,1080,1,5,1000,2.0,23
771,2,0.0,1,11,0,8,0,1,0,15.6,1.76,1080,2,2,1000,4.5,22
772,2,2.0,1,3,1,8,1,1,0,15.6,1.66,1080,1,3,1256,4.5,24
773,2,2.0,1,3,1,16,0,1,0,15.6,1.66,1080,1,3,512,4.5,24
774,2,0.0,1,11,1,4,1,1,0,14.0,1.58,1080,2,4,1256,4.5,22
775,1,4.0,2,12,1,8,1,1,0,15.6,1.98,1080,1,2,512,2.0,7
776,3,0.0,2,12,1,8,1,1,1,14.0,1.56,1080,3,4,512,5.0,92
777,3,2.0,1,3,1,8,1,1,1,14.0,1.56,1080,1,4,512,5.0,64
778,2,0.0,1,11,1,8,1,1,0,14.0,1.41,1080,2,3,256,4.5,22
779,2,0.0,1,3,1,16,0,1,0,15.6,1.66,1080,2,3,512,4.5,10
780,1,6.0,1,29,1,16,0,1,0,15.6,1.86,1080,1,5,512,2.0,23
781,1,4.0,1,29,1,8,0,1,0,15.6,1.86,1080,1,5,1256,2.0,115
782,5,2.0,1,3,1,8,0,1,0,15.6,1.8,1080,1,4,512,5.0,116
783,1,4.0,1,3,1,8,0,1,0,15.6,2.3,1080,1,4,512,2.0,114
784,2,0.0,1,3,1,8,1,1,0,15.6,1.65,1080,2,3,512,4.5,10
785,2,0.0,1,11,1,8,1,1,0,14.0,1.41,1080,2,3,256,4.5,22
786,2,0.0,2,12,1,8,0,1,0,14.0,1.4,1080,3,1,512,4.5,29
787,2,0.0,2,2,1,8,0,1,0,14.0,1.39,1080,3,3,512,4.5,29
788,1,4.0,2,2,1,16,1,1,0,15.6,2.19,1080,1,2,1256,2.0,117
789,1,6.0,1,3,1,16,1,1,0,15.6,2.3,1080,1,1,512,2.0,23
790,2,0.0,2,12,1,8,0,1,0,14.0,1.4,1080,3,1,512,4.5,29
791,2,0.0,1,3,1,8,0,1,0,15.6,1.65,1080,2,3,512,4.5,10
792,2,0.0,1,3,1,16,0,1,1,14.0,1.55,1080,2,3,1024,4.5,22
793,2,0.0,1,3,1,16,0,1,0,14.0,1.36,1080,2,3,512,4.5,10
794,2,0.0,1,4,1,16,1,1,1,14.0,1.36,1080,2,3,1000,4.5,10
795,2,0.0,1,3,1,8,0,1,0,15.6,1.65,1080,2,3,256,4.5,10
796,1,4.0,2,2,1,8,1,1,0,14.0,1.6,1080,1,1,1000,2.0,2
797,5,2.0,1,3,1,8,0,1,0,15.6,1.7,1080,1,3,512,5.0,64
798,2,0.0,1,3,1,8,0,1,0,15.6,1.7,1080,2,3,512,4.5,10
799,5,0.0,1,11,1,8,0,1,0,15.6,1.74,720,2,2,512,5.0,22
800,1,4.0,1,3,1,8,1,1,0,15.6,2.2,1080,1,3,512,2.0,7
801,1,4.0,1,3,1,8,1,1,0,15.6,2.3,1080,1,3,1256,2.0,7
802,2,0.0,1,4,1,8,0,1,0,14.0,1.4,1080,2,1,512,4.5,10
803,2,0.0,1,3,1,8,0,1,0,15.6,1.7,1080,2,3,512,4.5,10
804,5,0.0,1,3,1,16,0,1,0,15.6,1.7,1080,2,3,512,5.0,10
805,2,0.0,1,3,1,8,0,1,1,14.0,1.55,1080,2,3,1024,4.5,22
806,2,0.0,2,12,1,8,0,1,0,17.3,2.3,1080,3,1,1256,4.5,29
807,2,0.0,1,4,1,16,0,1,0,13.3,1.14,1080,2,1,1000,4.5,10
808,5,0.0,2,7,0,4,1,1,0,15.6,1.85,720,3,3,1000,5.0,52
809,5,0.0,2,7,0,4,1,1,0,15.6,1.85,1080,3,3,1000,5.0,52
810,2,0.0,1,3,1,16,1,1,0,13.3,1.16,1080,2,4,512,4.5,10
811,2,0.0,1,11,1,4,0,1,0,14.0,1.55,1080,2,1,256,4.5,22
812,2,0.0,1,3,1,8,1,1,0,14.0,1.58,1080,2,4,1256,4.5,10
813,2,0.0,1,11,1,4,1,1,0,14.0,1.58,1080,2,4,256,4.5,22
814,1,4.0,1,3,1,8,1,1,0,15.6,2.2,1080,1,3,1256,2.0,7
815,1,4.0,2,12,1,8,0,1,0,15.6,2.2,1080,1,3,1256,2.0,7
816,2,0.0,1,3,1,8,0,1,0,14.0,1.39,1080,2,3,512,4.5,10
817,2,0.0,2,2,1,16,0,1,0,15.6,1.66,1080,3,3,512,4.5,29
818,5,0.0,2,7,0,4,1,3,0,15.6,1.85,720,3,3,1000,5.0,29
819,1,4.0,1,3,1,8,0,1,0,15.6,2.3,1080,1,1,512,2.0,118
820,2,0.0,1,11,1,4,0,1,0,14.0,1.58,1080,2,4,1256,4.5,22
821,1,4.0,1,3,1,8,1,1,0,15.6,2.15,1080,1,8,512,2.0,7
822,1,4.0,1,30,1,16,1,1,0,15.6,2.3,1080,1,1,1000,2.0,118
823,1,4.0,2,12,1,8,1,1,0,14.0,1.6,1080,1,1,512,2.0,119
824,3,0.0,2,12,1,8,0,1,1,14.0,1.5,1080,3,1,512,5.0,29
825,1,6.0,1,29,1,16,0,1,0,15.6,1.86,1080,1,5,512,2.0,120
826,2,0.0,2,12,1,8,0,1,0,14.0,1.22,1080,3,1,512,4.5,65
827,2,0.0,1,3,1,8,1,1,0,14.0,1.5,1080,2,4,512,4.5,10
828,3,0.0,1,3,1,8,1,1,1,14.0,1.56,1080,2,4,512,5.0,10
829,2,2.0,1,3,1,8,1,1,0,15.6,1.83,1080,1,4,1256,4.5,67
830,2,0.0,1,3,1,4,1,1,0,14.9,1.83,1080,2,4,1256,4.5,10
831,1,6.0,1,3,1,16,1,1,0,15.6,2.0,1080,1,1,512,2.0,23
832,2,0.0,1,11,1,8,0,1,0,15.6,1.83,1080,2,4,256,4.5,22
833,2,0.0,1,11,0,8,1,1,0,15.6,1.83,1080,2,4,1000,4.5,22
834,2,0.0,1,11,1,8,1,1,0,14.0,1.46,720,2,2,256,4.5,22
835,5,0.0,1,4,1,16,0,1,0,14.0,0.9746666666666668,1080,2,3,512,5.0,59
836,2,0.0,1,4,1,16,0,1,0,13.3,0.966,1440,2,3,1000,4.5,10
837,5,0.0,1,3,1,8,0,1,0,13.3,0.9746666666666668,1080,2,4,512,5.0,41
838,5,0.0,1,11,0,8,0,1,0,15.6,0.9746666666666668,1080,2,4,1000,5.0,41
839,1,4.0,1,4,1,8,0,1,0,15.6,1.86,1080,1,5,1256,2.0,115
840,2,0.0,1,11,1,8,0,1,0,14.0,1.46,1080,2,2,256,4.5,22
841,1,6.0,2,2,1,16,1,1,0,15.6,2.4,1080,1,8,1256,2.0,23
842,2,2.0,1,4,1,16,0,1,1,14.0,1.62,1080,2,1,1000,4.5,10
843,1,4.0,1,3,1,8,1,1,0,15.6,2.3,1080,1,1,1000,2.0,118
844,3,0.0,1,11,1,8,1,1,1,14.0,1.56,1080,2,4,512,5.0,22
845,2,0.0,1,3,1,16,0,1,0,14.0,1.29,1080,2,5,512,4.5,10
846,2,0.0,2,12,1,8,1,1,0,15.6,1.69,1080,3,2,512,4.5,29
847,6,4.0,2,2,1,16,1,1,1,13.4,1.3,1080,1,1,1000,4.0,7
848,2,0.0,1,4,1,8,0,1,0,14.0,1.3,1080,2,5,512,4.5,10
849,6,4.0,2,10,1,16,1,1,1,13.4,1.3,2160,1,1,1000,4.0,7
850,6,4.0,2,10,1,32,1,1,1,13.4,1.3,2160,1,1,1000,4.0,7
851,5,0.0,1,3,1,8,0,1,0,15.6,1.7,1080,2,3,512,5.0,22
852,2,2.0,1,3,1,8,1,1,0,15.6,1.65,1080,1,4,512,4.5,24
853,3,0.0,1,3,1,8,0,1,1,13.3,1.3,1080,2,1,512,5.0,10
854,2,0.0,1,11,0,4,0,1,0,15.6,1.8,720,2,1,1000,4.5,22
855,1,4.0,1,3,1,8,0,1,0,15.6,2.3,1080,1,1,512,2.0,7
856,1,4.0,1,3,1,8,0,1,0,15.6,2.14,1080,1,1,512,2.0,7
857,1,6.0,1,3,1,16,0,1,0,15.6,2.0,1080,1,1,512,2.0,23
858,1,6.0,1,4,1,16,0,1,0,15.6,2.33,1080,1,5,1256,2.0,121
859,2,0.0,2,20,1,4,0,1,0,15.6,1.8,1080,3,1,256,4.5,29
860,2,0.0,1,3,1,8,0,1,0,14.0,1.46,1080,2,2,512,4.5,10
861,2,0.0,1,3,1,8,0,1,0,15.6,1.65,1080,2,8,512,4.5,10
862,4,0.0,2,20,0,8,1,1,0,15.6,1.83,1080,3,4,1000,4.5,92
863,1,4.0,2,12,1,8,1,1,0,15.6,2.3,1080,1,8,1256,2.0,7
864,2,0.0,1,11,0,8,1,1,0,14.0,1.58,1080,2,4,1000,4.5,22
865,2,0.0,2,12,1,8,0,1,0,14.0,1.46,1080,3,2,512,4.5,29
866,2,2.0,1,3,1,8,1,1,0,14.0,1.58,1080,1,4,512,4.5,67
867,2,2.0,1,3,1,8,1,1,0,15.6,1.75,1080,1,2,512,4.5,64
868,2,0.0,2,2,1,8,1,1,0,15.6,1.76,1080,3,8,512,4.5,25
869,2,0.0,2,12,1,8,1,1,0,15.6,1.76,1080,3,8,512,4.5,29
870,2,0.0,1,4,0,8,1,1,0,14.0,1.8,720,2,8,1000,4.5,122
871,2,2.0,1,3,1,16,0,1,1,14.0,1.62,1080,1,1,512,4.5,24
872,2,0.0,2,13,1,8,0,1,0,15.6,1.69,1080,3,2,512,4.5,17
873,2,0.0,1,3,1,8,0,1,0,14.0,1.46,720,2,2,512,4.5,10
874,2,0.0,1,3,1,8,0,1,1,14.0,1.62,1080,2,1,512,4.5,10
875,2,0.0,2,12,1,8,0,1,0,15.6,1.8,1080,3,1,1256,4.5,123
876,2,0.0,1,11,1,8,0,1,0,14.0,1.4,1080,2,1,512,4.5,22
877,2,0.0,2,12,1,8,0,1,0,15.6,1.8,1080,3,1,512,4.5,29
878,1,6.0,1,30,1,16,1,1,0,15.6,2.3,1080,1,8,1256,2.0,23
879,2,0.0,1,11,0,8,1,1,0,15.6,1.83,1080,2,4,1000,4.5,22
880,3,0.0,1,3,1,8,0,1,1,13.3,1.3,1080,2,1,512,5.0,10
881,5,0.0,1,11,1,4,0,1,0,15.6,1.7,1080,2,3,256,5.0,22
882,5,0.0,1,3,1,8,0,1,0,15.6,1.7,1080,2,3,512,5.0,22
883,2,0.0,1,4,1,16,1,1,0,13.3,0.996,1080,2,3,1000,4.5,59
884,8,0.0,5,26,0,4,0,2,1,11.6,1.07,720,2,2,64,8.0,108
885,1,6.0,2,12,1,16,1,1,0,15.6,2.4,1080,1,8,1256,2.0,23
886,5,0.0,1,3,0,8,0,1,0,14.0,0.9746666666666668,1080,2,4,1000,5.0,3
887,5,0.0,1,3,1,8,0,1,0,14.0,0.9746666666666668,1080,2,3,1256,5.0,124
888,1,8.0,1,1,1,16,0,1,0,15.6,2.0686486486486486,1080,1,3,1000,2.0,125
889,2,0.0,1,11,1,8,0,1,0,15.6,1.69,1080,2,2,256,4.5,22
890,5,2.0,1,3,0,4,0,1,0,14.0,0.9746666666666668,1080,1,3,1000,5.0,126
891,3,0.0,2,2,1,16,0,1,1,13.3,1.32,1080,3,3,512,5.0,29
892,3,0.0,1,4,1,16,0,1,1,14.0,1.5,1080,2,3,512,5.0,10
893,5,0.0,1,3,1,8,0,1,0,14.0,1.3,1080,2,5,512,5.0,22
894,2,0.0,1,11,0,8,1,1,0,15.6,1.77,1080,2,2,1000,4.5,22
895,2,0.0,1,11,1,8,1,1,0,14.0,1.46,1080,2,2,256,4.5,22
896,2,0.0,2,20,1,4,0,1,0,15.6,1.8,1080,3,1,256,4.5,127
897,1,4.0,2,2,1,8,1,1,0,15.6,2.2,1080,1,3,512,2.0,7
898,1,6.0,1,3,1,16,1,1,0,15.6,2.3,1080,1,1,512,2.0,120
899,2,0.0,1,11,1,8,0,1,0,15.6,1.75,1080,2,2,512,4.5,22
900,2,2.0,1,3,1,16,0,1,0,14.0,1.41,1080,1,2,512,4.5,24
901,2,0.0,1,3,1,8,0,1,0,15.6,1.69,1080,2,2,512,4.5,10
902,2,0.0,1,11,1,8,0,1,0,15.6,1.75,1080,2,2,512,4.5,22
903,2,0.0,1,3,1,8,1,1,0,15.6,1.69,1080,2,2,512,4.5,10
904,3,0.0,1,11,1,8,0,1,1,14.0,1.5,1080,2,3,512,5.0,22
905,3,0.0,1,11,1,8,0,1,1,14.0,1.5,1080,2,3,512,5.0,22
906,2,0.0,4,27,1,8,1,4,0,13.3,1.29,1440,2,12,512,4.5,88
907,1,4.0,2,12,1,8,1,1,0,15.6,2.15,1080,1,8,512,2.0,7
908,3,0.0,1,11,1,8,0,1,1,14.0,1.5,1080,2,3,256,5.0,22
909,3,0.0,1,11,1,8,1,1,1,14.0,1.61,1080,2,2,512,5.0,22
910,2,2.0,1,3,1,8,1,1,0,15.6,1.8,1080,1,3,1256,4.5,128
911,3,0.0,1,4,1,16,0,1,1,14.0,1.44,2160,2,3,1000,5.0,10
912,7,0.0,1,3,1,8,0,1,0,13.3,0.8,720,2,2,512,6.0,72
913,5,0.0,1,11,0,8,0,1,0,14.96,0.9746666666666668,1080,2,4,1000,5.0,87
914,3,0.0,1,4,1,16,0,1,1,14.0,1.43,1080,2,3,512,5.0,10
915,1,4.0,1,3,1,8,1,1,0,15.6,2.3,1080,1,3,1256,2.0,7
916,2,0.0,1,3,0,8,1,1,0,14.0,1.58,1080,2,4,1000,4.5,10
917,5,0.0,1,11,1,4,1,1,0,15.0,1.83,1080,2,4,256,5.0,22
918,2,0.0,1,11,1,8,1,1,0,14.0,1.58,1080,2,4,256,4.5,22
919,2,2.0,1,4,1,8,0,1,0,14.0,1.35,1080,1,15,512,4.5,64
920,1,4.0,1,3,1,8,1,1,0,15.6,2.3,1080,1,1,512,2.0,118
921,2,2.0,1,3,0,8,1,1,0,15.6,1.77,1080,1,2,1000,4.5,64
922,3,0.0,1,11,1,8,1,1,1,14.0,1.61,1080,2,2,256,5.0,22
923,2,0.0,1,11,0,8,1,1,0,14.0,1.58,1080,2,4,1000,4.5,22
924,5,0.0,2,20,1,8,1,1,0,15.6,1.82,1080,3,2,1256,5.0,129
925,2,0.0,1,3,0,8,0,1,0,15.6,1.8,1080,2,1,1000,4.5,22
926,2,0.0,1,11,0,8,0,1,0,15.6,1.8,1080,2,1,1000,4.5,22
927,2,0.0,1,3,1,8,0,1,0,15.6,1.8,1080,2,1,1256,4.5,22
928,3,4.0,1,3,1,8,0,1,1,14.0,1.5,1080,2,1,512,5.0,130
929,5,0.0,1,11,1,8,0,1,0,14.0,1.3,1080,2,5,256,5.0,22
930,2,0.0,1,11,0,8,1,1,0,15.6,1.77,1080,2,2,1000,4.5,22
931,5,0.0,1,11,1,8,0,1,0,14.0,1.3,1080,2,5,512,5.0,22
932,5,4.0,1,4,1,16,0,1,1,15.6,1.79,1080,1,5,1000,5.0,131
933,3,0.0,1,3,1,8,1,1,1,14.0,1.72,1080,2,4,512,5.0,10
934,3,0.0,1,11,1,4,1,1,1,14.0,1.72,1080,2,4,512,5.0,22
935,2,0.0,1,3,1,8,1,1,0,13.3,1.2,1080,2,4,512,4.5,10
936,1,4.0,2,12,1,8,1,1,0,15.6,2.2,1080,1,3,1256,2.0,7
937,5,2.0,1,3,1,8,1,1,0,15.6,2.2,1080,3,4,1256,5.0,132
938,2,0.0,1,11,0,8,1,1,0,15.6,1.77,1080,2,2,1000,4.5,22
939,2,0.0,1,3,1,8,0,1,0,14.0,1.35,1080,2,16,512,4.5,122
940,2,2.0,1,3,1,8,1,1,0,14.5,1.35,1440,1,4,512,4.5,64
941,1,8.0,1,4,1,16,1,1,0,15.6,2.1,1080,1,8,2000,2.0,133
942,1,4.0,2,12,1,8,1,1,0,15.6,2.2,1080,1,3,512,2.0,118
943,2,0.0,1,3,1,8,1,1,0,15.6,1.85,1080,2,3,512,4.5,22
944,5,2.0,1,3,0,8,1,1,0,15.6,1.9,1080,1,8,1000,5.0,134
945,2,0.0,1,11,1,4,0,1,0,14.0,1.4,1080,2,1,256,4.5,22
946,2,0.0,1,3,1,8,0,1,0,14.0,1.4,1080,2,1,512,4.5,10
947,2,0.0,2,15,1,8,0,1,0,15.6,1.77,1080,3,16,512,4.5,33
948,2,0.0,4,27,1,8,1,4,0,13.3,1.4,1440,2,12,512,4.5,88
949,2,0.0,4,27,1,8,1,4,0,13.3,1.4,1440,2,12,256,4.5,88
950,2,0.0,2,13,1,8,0,1,0,15.6,1.77,1080,3,16,512,4.5,17
951,2,0.0,4,27,1,8,1,4,0,13.3,1.29,1440,2,12,256,4.5,88
952,2,0.0,2,15,1,8,0,1,0,15.6,1.77,1080,3,16,512,4.5,33
953,2,0.0,2,13,1,8,0,1,0,15.6,1.77,1080,3,16,512,4.5,17
954,2,0.0,4,27,1,8,1,4,0,13.3,1.29,1440,2,12,256,4.5,88
955,2,0.0,4,27,1,8,1,4,0,13.3,1.4,1440,2,12,256,4.5,88
956,2,0.0,4,27,1,8,1,4,0,13.3,1.29,1440,2,12,512,4.5,88
957,2,0.0,4,27,1,8,1,4,0,13.3,1.4,1440,2,12,512,4.5,88
958,2,0.0,2,2,1,8,0,1,0,14.0,1.39,1080,3,3,512,4.5,29
959,1,4.0,2,13,1,8,1,1,0,15.6,2.15,1080,1,8,512,2.0,118
960,1,4.0,2,13,1,8,1,1,0,15.6,2.15,1080,1,8,512,2.0,118
961,2,0.0,1,4,1,16,0,1,1,14.0,1.05,1080,2,8,1000,4.5,10
962,3,0.0,1,3,1,8,1,1,1,13.6,1.35,1080,2,3,512,5.0,22
963,2,2.0,1,3,1,8,0,1,0,14.0,1.6,1080,1,3,512,4.5,135
964,5,0.0,1,11,0,8,1,1,0,15.6,1.83,1080,2,4,1000,5.0,22
965,1,8.0,1,4,1,16,1,1,0,15.6,2.5,1080,1,8,2000,2.0,133
966,1,4.0,1,4,1,8,0,1,0,15.6,2.0686486486486486,1080,1,3,1256,2.0,119
967,7,0.0,1,3,1,8,0,5,0,14.0,1.8,1080,2,4,512,6.0,136
968,2,0.0,1,11,0,4,1,1,0,15.6,1.85,1080,2,3,1000,4.5,137
969,2,2.0,1,4,1,16,0,1,0,14.0,1.55,1080,1,3,512,4.5,138
970,2,4.0,1,4,1,16,0,1,0,15.6,2.5,1080,1,3,1000,4.5,139
971,7,0.0,1,3,0,8,0,1,0,15.6,0.8,720,2,2,1000,6.0,41
972,2,0.0,1,3,0,4,0,3,0,14.0,1.4946421471172964,1080,2,3,1000,4.5,140
973,2,2.0,1,3,1,8,0,1,0,14.0,1.6,1080,1,1,512,4.5,141
974,2,0.0,1,3,1,8,0,1,0,14.0,1.6,1080,2,3,1256,4.5,22
975,2,2.0,1,3,1,8,0,1,0,14.0,1.35,1080,1,15,512,4.5,64
976,2,0.0,1,3,1,8,0,1,0,14.0,1.5,1080,2,1,512,4.5,122
977,2,0.0,1,4,1,16,0,1,0,14.0,1.25,2160,2,3,1000,4.5,51
978,2,0.0,1,4,1,16,0,1,0,14.0,1.09,1440,2,3,512,4.5,22
979,2,0.0,1,3,1,8,1,1,0,14.0,1.1,1080,2,13,512,4.5,22
980,3,0.0,1,4,1,16,0,1,1,13.3,1.49,1080,1,2,512,5.0,142
981,3,0.0,2,12,1,8,0,1,1,13.3,1.32,1080,3,2,512,5.0,29
982,8,0.0,1,5,0,4,0,2,1,14.0,1.46,720,2,2,64,8.0,54
983,5,0.0,1,11,0,4,0,1,0,14.0,1.6,720,3,3,1000,5.0,107
